ID,DATA,DIA_SEMANA,HORARIO,ESTADO,MUNICIPIO,CAUSA_ACIDENTE,TIPO_ACIDENTE,CLASSIFICACAO_ACIDENTE,FASE_DIA,SENTIDO_VIA,CONDICAO_METEREOLOGICA,TIPO_PISTA,TRACADO_VIA,PESSOAS,MORTOS,ILESOS,FERIDOS,VEICULOS,REGIONAL,MES
342597,24/02/2021,quarta-feira,09:09:00,SP,SAO PAULO,Trafegar com motocicleta (ou similar) entre as faixas,Colisão lateral mesmo sentido,Com Vítimas Feridas,Pleno dia,Crescente,Céu Claro,Múltipla,Reta,4,0,2,2,3,SR-SP,
342622,24/02/2021,quarta-feira,10:00:00,SP,MAIRIPORA,Ausência de reação do condutor,Colisão traseira,Com Vítimas Feridas,Pleno dia,Decrescente,Céu Claro,Dupla,Reta,3,0,2,1,3,SR-SP,
342639,24/02/2021,quarta-feira,14:10:00,SP,BARRA DO TURVO,Reação tardia ou ineficiente do condutor,Colisão traseira,Com Vítimas Feridas,Plena Noite,Decrescente,Chuva,Dupla,Reta,2,0,1,1,2,SR-SP,
342656,24/02/2021,quarta-feira,15:30:00,SP,MARILIA,Acumulo de óleo sobre o pavimento,Tombamento,Com Vítimas Feridas,Pleno dia,Crescente,Sol,Dupla,Reta,2,0,0,2,1,SR-SP,
342674,24/02/2021,quarta-feira,17:05:00,SP,MIRACATU,Chuva,Tombamento,Com Vítimas Feridas,Pleno dia,Crescente,Chuva,Dupla,Reta,1,0,0,1,1,SR-SP,
342675,24/02/2021,quarta-feira,16:00:00,SP,JUQUITIBA,Pista Escorregadia,Saída de leito carroçável,Sem Vítimas,Pleno dia,Decrescente,Chuva,Dupla,Reta,1,0,1,0,1,SR-SP,
342691,24/02/2021,quarta-feira,18:50:00,SP,ATIBAIA,Chuva,Queda de ocupante de veículo,Com Vítimas Feridas,Anoitecer,Decrescente,Chuva,Múltipla,Reta,2,0,0,1,1,SR-SP,
342726,19/01/2021,terça-feira,19:40:00,SP,GUARULHOS,Transitar na contramão,Colisão frontal,Com Vítimas Feridas,Plena Noite,Decrescente,Céu Claro,Dupla,Interseção de vias,2,0,0,2,2,SR-SP,
342740,25/02/2021,quinta-feira,04:35:00,SP,ARUJA,Pista Escorregadia,Colisão com objeto,Sem Vítimas,Amanhecer,Decrescente,Chuva,Dupla,Não Informado,2,0,2,0,1,SR-SP,
342758,25/02/2021,quinta-feira,06:00:00,SP,MIRASSOL,Ausência de reação do condutor,Saída de leito carroçável,Com Vítimas Feridas,Amanhecer,Decrescente,Céu Claro,Simples,Não Informado,3,0,2,1,1,SR-SP,
342762,25/02/2021,quinta-feira,08:00:00,SP,EMBU DAS ARTES,Condutor deixou de manter distância do veículo da frente,Colisão traseira,Com Vítimas Feridas,Pleno dia,Decrescente,Céu Claro,Dupla,Reta,3,0,1,2,2,SR-SP,
342774,25/02/2021,quinta-feira,09:20:00,SP,GUARATINGUETA,Entrada inopinada do pedestre,Atropelamento de Pedestre,Com Vítimas Fatais,Pleno dia,Decrescente,Chuva,Dupla,Não Informado,3,1,2,0,1,SR-SP,
342810,19/01/2021,terça-feira,11:15:00,SP,CANAS,Reação tardia ou ineficiente do condutor,Colisão traseira,Com Vítimas Feridas,Pleno dia,Decrescente,Nublado,Dupla,Reta,2,0,1,1,2,SR-SP,
342813,25/02/2021,quinta-feira,14:10:00,SP,PINDAMONHANGABA,Avarias e/ou desgaste excessivo no pneu,Tombamento,Com Vítimas Feridas,Pleno dia,Decrescente,Chuva,Dupla,Reta,2,0,0,2,1,SR-SP,
342820,25/02/2021,quinta-feira,13:50:00,SP,BARRA DO TURVO,Reação tardia ou ineficiente do condutor,Saída de leito carroçável,Com Vítimas Feridas,Pleno dia,Decrescente,Chuva,Dupla,Reta,1,0,0,1,1,SR-SP,
342828,25/02/2021,quinta-feira,15:15:00,SP,CAJATI,Velocidade Incompatível,Colisão com objeto,Com Vítimas Feridas,Pleno dia,Decrescente,Chuva,Dupla,Curva,1,0,0,1,1,SR-SP,
342847,25/02/2021,quinta-feira,11:22:00,SP,PINDAMONHANGABA,Mal súbito do condutor,Colisão traseira,Com Vítimas Feridas,Pleno dia,Decrescente,Nublado,Dupla,Não Informado,2,0,1,1,2,SR-SP,
342860,25/02/2021,quinta-feira,17:23:00,SP,SAO LOURENCO DA SERRA,Mal súbito do condutor,Colisão com objeto,Com Vítimas Feridas,Pleno dia,Decrescente,Nublado,Múltipla,Reta,2,0,0,2,1,SR-SP,
342874,25/02/2021,quinta-feira,18:00:00,SP,GUARULHOS,Condutor deixou de manter distância do veículo da frente,Colisão traseira,Com Vítimas Feridas,Anoitecer,Crescente,Chuva,Múltipla,Reta,2,0,1,1,2,SR-SP,
342881,31/01/2021,domingo,05:20:00,SP,TABOAO DA SERRA,Ausência de reação do condutor,Tombamento,Com Vítimas Feridas,Amanhecer,Crescente,Céu Claro,Dupla,Reta,1,0,0,1,1,SR-SP,
342898,25/02/2021,quinta-feira,18:40:00,SP,MAIRIPORA,Reação tardia ou ineficiente do condutor,Colisão com objeto,Com Vítimas Feridas,Anoitecer,Decrescente,Chuva,Dupla,Reta,2,0,1,1,2,SR-SP,
342905,25/02/2021,quinta-feira,20:00:00,SP,SANTA ISABEL,Objeto estático sobre o leito carroçável,Colisão com objeto,Com Vítimas Feridas,Plena Noite,Decrescente,Nublado,Dupla,Curva,1,0,0,1,1,SR-SP,
342918,25/02/2021,quinta-feira,22:10:00,SP,TAUBATE,Condutor deixou de manter distância do veículo da frente,Colisão traseira,Com Vítimas Feridas,Plena Noite,Decrescente,Chuva,Dupla,Reta,2,0,1,1,2,SR-SP,
342920,25/02/2021,quinta-feira,22:30:00,SP,TAUBATE,Chuva,Colisão com objeto,Com Vítimas Feridas,Plena Noite,Decrescente,Garoa/Chuvisco,Dupla,Reta,2,0,1,1,1,SR-SP,
342923,25/02/2021,quinta-feira,22:15:00,SP,SAO JOSE DOS CAMPOS,Ingestão de álcool pelo condutor,Colisão com objeto,Sem Vítimas,Plena Noite,Crescente,Chuva,Simples,Não Informado,2,0,2,0,2,SR-SP,
343009,26/02/2021,sexta-feira,11:30:00,SP,MAIRIPORA,Velocidade Incompatível,Colisão com objeto,Com Vítimas Feridas,Pleno dia,Decrescente,Chuva,Dupla,Curva,2,0,1,1,1,SR-SP,
343013,26/02/2021,sexta-feira,11:40:00,SP,GUARULHOS,Acumulo de água sobre o pavimento,Tombamento,Com Vítimas Feridas,Pleno dia,Decrescente,Chuva,Múltipla,Reta,1,0,0,1,1,SR-SP,
343058,26/02/2021,sexta-feira,14:50:00,SP,MARILIA,Reação tardia ou ineficiente do condutor,Tombamento,Sem Vítimas,Pleno dia,Decrescente,Sol,Dupla,Rotatória,1,0,1,0,1,SR-SP,
343072,26/02/2021,sexta-feira,17:00:00,SP,GUARULHOS,Trafegar com motocicleta (ou similar) entre as faixas,Colisão lateral mesmo sentido,Com Vítimas Feridas,Pleno dia,Crescente,Céu Claro,Dupla,Reta,4,0,3,1,4,SR-SP,
343073,26/02/2021,sexta-feira,17:10:00,SP,SAO JOSE DO RIO PRETO,Reação tardia ou ineficiente do condutor,Colisão transversal,Com Vítimas Feridas,Anoitecer,Decrescente,Nublado,Simples,Desvio Temporário,2,0,1,1,2,SR-SP,
343098,26/02/2021,sexta-feira,17:00:00,SP,ATIBAIA,Manobra de mudança de faixa,Colisão lateral mesmo sentido,Com Vítimas Feridas,Pleno dia,Decrescente,Céu Claro,Dupla,Curva,3,0,2,1,2,SR-SP,
343101,26/02/2021,sexta-feira,18:45:00,SP,JACAREI,Trafegar com motocicleta (ou similar) entre as faixas,Colisão traseira,Com Vítimas Feridas,Plena Noite,Decrescente,Garoa/Chuvisco,Dupla,Reta,3,0,2,1,3,SR-SP,
343104,26/02/2021,sexta-feira,19:25:00,SP,CACHOEIRA PAULISTA,Velocidade Incompatível,Capotamento,Com Vítimas Feridas,Plena Noite,Decrescente,Chuva,Dupla,Curva,1,0,0,1,1,SR-SP,
343136,26/02/2021,sexta-feira,21:30:00,SP,JACAREI,Velocidade Incompatível,Saída de leito carroçável,Com Vítimas Feridas,Plena Noite,Decrescente,Nublado,Dupla,Reta,1,0,0,1,1,SR-SP,
343153,27/02/2021,sábado,00:00:00,SP,TABOAO DA SERRA,Ausência de reação do condutor,Colisão traseira,Com Vítimas Feridas,Plena Noite,Crescente,Nublado,Dupla,Reta,2,0,1,1,2,SR-SP,
343165,27/02/2021,sábado,01:07:00,SP,JACUPIRANGA,Pedestre cruzava a pista fora da faixa,Atropelamento de Pedestre,Com Vítimas Fatais,Plena Noite,Crescente,Garoa/Chuvisco,Dupla,Reta,2,1,1,0,1,SR-SP,
343231,27/02/2021,sábado,11:18:00,SP,MARILIA,Animais na Pista,Queda de ocupante de veículo,Com Vítimas Feridas,Pleno dia,Crescente,Sol,Dupla,Reta,1,0,0,1,1,SR-SP,
343263,27/02/2021,sábado,13:30:00,SP,TAUBATE,Pedestre andava na pista,Atropelamento de Pedestre,Com Vítimas Feridas,Pleno dia,Decrescente,Céu Claro,Dupla,Reta,3,0,2,1,1,SR-SP,
343280,27/02/2021,sábado,15:40:00,SP,MIRACATU,Ausência de reação do condutor,Colisão com objeto,Com Vítimas Feridas,Pleno dia,Decrescente,Nublado,Dupla,Reta,2,0,0,2,1,SR-SP,
343290,27/02/2021,sábado,16:30:00,SP,SAO JOSE DO RIO PRETO,Velocidade Incompatível,Saída de leito carroçável,Com Vítimas Feridas,Pleno dia,Decrescente,Nublado,Dupla,Reta,1,0,0,1,1,SR-SP,
343291,27/02/2021,sábado,14:15:00,SP,MIRACATU,Ausência de reação do condutor,Colisão com objeto,Com Vítimas Feridas,Pleno dia,Decrescente,Céu Claro,Múltipla,Curva,2,0,0,2,1,SR-SP,
343300,27/02/2021,sábado,17:10:00,SP,NOVA GRANADA,Acessar a via sem observar a presença dos outros veículos,Saída de leito carroçável,Com Vítimas Feridas,Pleno dia,Crescente,Céu Claro,Simples,Reta,3,0,1,1,2,SR-SP,
343304,27/02/2021,sábado,16:00:00,SP,GUARATINGUETA,Avarias e/ou desgaste excessivo no pneu,Tombamento,Com Vítimas Feridas,Pleno dia,Crescente,Nublado,Dupla,Reta,2,0,1,1,1,SR-SP,
343339,27/02/2021,sábado,20:10:00,SP,REGISTRO,Pedestre cruzava a pista fora da faixa,Atropelamento de Pedestre,Com Vítimas Fatais,Plena Noite,Decrescente,Chuva,Dupla,Curva,2,1,0,0,1,SR-SP,
343356,27/02/2021,sábado,21:20:00,SP,MAIRIPORA,Pista Escorregadia,Colisão com objeto,Com Vítimas Feridas,Plena Noite,Decrescente,Chuva,Dupla,Curva,1,0,0,1,1,SR-SP,
343362,27/02/2021,sábado,22:20:00,SP,GUARULHOS,Demais falhas mecânicas ou elétricas,Queda de ocupante de veículo,Com Vítimas Feridas,Plena Noite,Crescente,Chuva,Múltipla,Reta,1,0,0,1,1,SR-SP,
343367,27/02/2021,sábado,21:50:00,SP,JACAREI,Ingestão de álcool pelo condutor,Colisão traseira,Com Vítimas Feridas,Plena Noite,Decrescente,Nublado,Dupla,Reta,2,0,1,1,2,SR-SP,
343385,28/02/2021,domingo,02:00:00,SP,SAO JOSE DOS CAMPOS,Reação tardia ou ineficiente do condutor,Colisão com objeto,Com Vítimas Feridas,Plena Noite,Crescente,Nublado,Dupla,Retorno Regulamentado,1,0,0,1,1,SR-SP,
343392,28/02/2021,domingo,00:50:00,SP,SAO PAULO,Chuva,Capotamento,Com Vítimas Feridas,Plena Noite,Crescente,Nevoeiro/Neblina,Dupla,Curva,2,0,1,1,1,SR-SP,
343401,28/02/2021,domingo,05:50:00,SP,ARUJA,Manobra de mudança de faixa,Colisão lateral mesmo sentido,Com Vítimas Feridas,Amanhecer,Crescente,Nublado,Dupla,Curva,2,0,0,1,2,SR-SP,
343409,28/02/2021,domingo,06:45:00,SP,GUARULHOS,Velocidade Incompatível,Colisão lateral mesmo sentido,Com Vítimas Feridas,Amanhecer,Decrescente,Céu Claro,Dupla,Reta,1,0,0,1,1,SR-SP,
343415,28/02/2021,domingo,03:00:00,SP,SAO PAULO,Velocidade Incompatível,Capotamento,Com Vítimas Feridas,Plena Noite,Crescente,Céu Claro,Dupla,Reta,1,0,0,1,1,SR-SP,
343425,28/02/2021,domingo,03:30:00,SP,UBATUBA,Condutor deixou de manter distância do veículo da frente,Colisão traseira,Com Vítimas Feridas,Plena Noite,Decrescente,Céu Claro,Simples,Reta,2,0,0,1,2,SR-SP,
343429,09/02/2021,terça-feira,04:50:00,SP,MIRACATU,Velocidade Incompatível,Tombamento,Sem Vítimas,Plena Noite,Crescente,Céu Claro,Dupla,Curva,1,0,1,0,1,SR-SP,9
343435,28/02/2021,domingo,08:30:00,SP,MIRACATU,Reação tardia ou ineficiente do condutor,Colisão traseira,Com Vítimas Feridas,Pleno dia,Crescente,Nublado,Dupla,Não Informado,4,0,1,3,2,SR-SP,
343441,28/02/2021,domingo,10:10:00,SP,CACAPAVA,Avarias e/ou desgaste excessivo no pneu,Queda de ocupante de veículo,Com Vítimas Feridas,Pleno dia,Crescente,Nublado,Dupla,Reta,2,0,0,2,1,SR-SP,
343447,28/02/2021,domingo,11:35:00,SP,SAO PAULO,Pedestre cruzava a pista fora da faixa,Atropelamento de Pedestre,Com Vítimas Fatais,Pleno dia,Decrescente,Céu Claro,Múltipla,Reta,2,1,1,0,1,SR-SP,
343449,28/02/2021,domingo,11:50:00,SP,JOSE BONIFACIO,Avarias e/ou desgaste excessivo no pneu,Tombamento,Com Vítimas Feridas,Pleno dia,Decrescente,Nublado,Simples,Reta,2,0,0,2,1,SR-SP,
343451,28/02/2021,domingo,11:40:00,SP,MIRACATU,Velocidade Incompatível,Capotamento,Com Vítimas Feridas,Pleno dia,Decrescente,Céu Claro,Dupla,Reta,1,0,0,1,1,SR-SP,
343484,28/02/2021,domingo,16:00:00,SP,ATIBAIA,Condutor deixou de manter distância do veículo da frente,Colisão traseira,Sem Vítimas,Pleno dia,Crescente,Nublado,Dupla,Reta,2,0,2,0,2,SR-SP,
343485,28/02/2021,domingo,16:30:00,SP,UBATUBA,Ausência de reação do condutor,Colisão traseira,Com Vítimas Feridas,Pleno dia,Decrescente,Nublado,Simples,Reta,2,0,1,1,2,SR-SP,
343486,28/02/2021,domingo,14:30:00,SP,ROSEIRA,Avarias e/ou desgaste excessivo no pneu,Tombamento,Com Vítimas Feridas,Pleno dia,Crescente,Céu Claro,Dupla,Não Informado,2,0,0,2,1,SR-SP,
343488,28/02/2021,domingo,17:00:00,SP,SAO LOURENCO DA SERRA,Ingestão de álcool pelo condutor,Saída de leito carroçável,Com Vítimas Feridas,Anoitecer,Decrescente,Garoa/Chuvisco,Dupla,Reta,3,0,2,1,1,SR-SP,
343522,28/02/2021,domingo,16:10:00,SP,SAO PAULO,Ausência de reação do condutor,Capotamento,Com Vítimas Feridas,Pleno dia,Crescente,Nublado,Múltipla,Curva,3,0,0,3,1,SR-SP,
343540,28/02/2021,domingo,20:10:00,SP,REGISTRO,Ingestão de álcool pelo condutor,Colisão traseira,Com Vítimas Feridas,Plena Noite,Decrescente,Chuva,Dupla,Curva,3,0,2,1,1,SR-SP,
343547,28/02/2021,domingo,21:50:00,SP,SAO PAULO,Condutor deixou de manter distância do veículo da frente,Colisão traseira,Com Vítimas Feridas,Plena Noite,Decrescente,Nublado,Múltipla,Reta,2,0,0,1,2,SR-SP,
343548,28/02/2021,domingo,20:45:00,SP,MAIRIPORA,Condutor deixou de manter distância do veículo da frente,Colisão traseira,Sem Vítimas,Plena Noite,Crescente,Céu Claro,Dupla,Reta,2,0,2,0,2,SR-SP,
343566,28/02/2021,domingo,23:45:00,SP,UBATUBA,Transitar na contramão,Colisão frontal,Com Vítimas Fatais,Plena Noite,Decrescente,Nublado,Simples,Curva,6,1,3,1,3,SR-SP,
343600,01/03/2021,segunda-feira,06:00:00,SP,SANTA ISABEL,Condutor Dormindo,Colisão lateral mesmo sentido,Com Vítimas Feridas,Amanhecer,Crescente,Sol,Dupla,Reta,2,0,1,1,2,SR-SP,1
343616,01/03/2021,segunda-feira,07:50:00,SP,EMBU DAS ARTES,Reação tardia ou ineficiente do condutor,Colisão traseira,Com Vítimas Feridas,Pleno dia,Decrescente,Céu Claro,Dupla,Reta,2,0,0,2,2,SR-SP,1
343628,01/03/2021,segunda-feira,07:30:00,SP,ITAPECERICA DA SERRA,Ausência de reação do condutor,Queda de ocupante de veículo,Com Vítimas Feridas,Pleno dia,Decrescente,Sol,Dupla,Não Informado,1,0,0,1,1,SR-SP,1
343647,01/03/2021,segunda-feira,10:35:00,SP,GUARULHOS,Trafegar com motocicleta (ou similar) entre as faixas,Colisão lateral mesmo sentido,Com Vítimas Feridas,Pleno dia,Crescente,Céu Claro,Múltipla,Reta,2,0,0,1,2,SR-SP,1
343697,01/03/2021,segunda-feira,15:15:00,SP,JUQUITIBA,Chuva,Colisão com objeto,Com Vítimas Feridas,Pleno dia,Crescente,Chuva,Dupla,Reta,1,0,0,1,1,SR-SP,1
343710,01/03/2021,segunda-feira,18:00:00,SP,GUARULHOS,Problema com o freio,Colisão traseira,Com Vítimas Feridas,Anoitecer,Crescente,Céu Claro,Múltipla,Não Informado,2,0,0,2,2,SR-SP,1
343715,25/01/2021,segunda-feira,14:30:00,SP,TABOAO DA SERRA,Ausência de reação do condutor,Colisão traseira,Com Vítimas Feridas,Pleno dia,Crescente,Nublado,Dupla,Reta,2,0,1,1,2,SR-SP,
343748,01/03/2021,segunda-feira,21:00:00,SP,MIRACATU,Demais falhas mecânicas ou elétricas,Incêndio,Sem Vítimas,Plena Noite,Crescente,Céu Claro,Dupla,Reta,1,0,1,0,1,SR-SP,1
343825,02/03/2021,terça-feira,10:45:00,SP,CAJATI,Manobra de mudança de faixa,Colisão lateral mesmo sentido,Com Vítimas Feridas,Pleno dia,Crescente,Céu Claro,Múltipla,Reta,3,0,1,2,2,SR-SP,2
343839,02/03/2021,terça-feira,13:00:00,SP,GUARULHOS,Problema na suspensão,Colisão com objeto,Com Vítimas Feridas,Pleno dia,Decrescente,Céu Claro,Múltipla,Reta,1,0,0,1,1,SR-SP,2
343845,02/03/2021,terça-feira,13:20:00,SP,CAJATI,Velocidade Incompatível,Saída de leito carroçável,Sem Vítimas,Pleno dia,Crescente,Céu Claro,Dupla,Curva,1,0,1,0,1,SR-SP,2
343878,02/03/2021,terça-feira,18:20:00,SP,SAO JOSE DO RIO PRETO,Pista Escorregadia,Tombamento,Com Vítimas Feridas,Anoitecer,Crescente,Garoa/Chuvisco,Dupla,Não Informado,2,0,0,2,1,SR-SP,2
343882,02/03/2021,terça-feira,18:20:00,SP,GUARULHOS,Reação tardia ou ineficiente do condutor,Colisão traseira,Com Vítimas Feridas,Anoitecer,Decrescente,Nublado,Múltipla,Reta,2,0,1,1,2,SR-SP,2
343896,02/03/2021,terça-feira,18:00:00,SP,SAO PAULO,Reação tardia ou ineficiente do condutor,Colisão traseira,Com Vítimas Feridas,Anoitecer,Decrescente,Céu Claro,Dupla,Reta,2,0,0,2,2,SR-SP,2
343910,02/03/2021,terça-feira,20:40:00,SP,CACHOEIRA PAULISTA,Curva acentuada,Capotamento,Sem Vítimas,Plena Noite,Crescente,Céu Claro,Simples,Curva,1,0,0,0,1,SR-SP,2
343948,03/03/2021,quarta-feira,04:50:00,SP,SAO JOSE DO RIO PRETO,Chuva,Tombamento,Com Vítimas Feridas,Plena Noite,Crescente,Chuva,Dupla,Desvio Temporário,1,0,0,1,1,SR-SP,3
344003,03/03/2021,quarta-feira,12:30:00,SP,SILVEIRAS,Avarias e/ou desgaste excessivo no pneu,Capotamento,Sem Vítimas,Pleno dia,Crescente,Céu Claro,Dupla,Reta,1,0,1,0,1,SR-SP,3
344005,03/03/2021,quarta-feira,13:00:00,SP,SALTO GRANDE,Acessar a via sem observar a presença dos outros veículos,Colisão transversal,Com Vítimas Feridas,Pleno dia,Decrescente,Céu Claro,Simples,Reta,2,0,0,2,2,SR-SP,3
344014,03/03/2021,quarta-feira,13:50:00,SP,SAO JOSE DOS CAMPOS,Reação tardia ou ineficiente do condutor,Queda de ocupante de veículo,Com Vítimas Feridas,Pleno dia,Crescente,Céu Claro,Múltipla,Reta,1,0,0,1,1,SR-SP,3
344017,03/03/2021,quarta-feira,14:20:00,SP,BARRA DO TURVO,Velocidade Incompatível,Colisão com objeto,Sem Vítimas,Pleno dia,Crescente,Chuva,Dupla,Curva,1,0,1,0,1,SR-SP,3
344025,03/03/2021,quarta-feira,14:00:00,SP,SAO JOSE DOS CAMPOS,Condutor deixou de manter distância do veículo da frente,Colisão traseira,Com Vítimas Feridas,Pleno dia,Crescente,Nublado,Dupla,Reta,3,0,1,1,2,SR-SP,3
344084,03/03/2021,quarta-feira,14:51:00,SP,APARECIDA,Entrada inopinada do pedestre,Atropelamento de Pedestre,Com Vítimas Feridas,Anoitecer,Crescente,Nublado,Dupla,Curva,2,0,0,2,1,SR-SP,3
344085,03/03/2021,quarta-feira,21:00:00,SP,GUARULHOS,Reação tardia ou ineficiente do condutor,Colisão traseira,Com Vítimas Fatais,Plena Noite,Crescente,Céu Claro,Múltipla,Reta,2,1,1,0,2,SR-SP,3
344090,03/03/2021,quarta-feira,22:40:00,SP,EMBU DAS ARTES,Reação tardia ou ineficiente do condutor,Engavetamento,Com Vítimas Feridas,Plena Noite,Crescente,Céu Claro,Dupla,Reta,3,0,2,1,3,SR-SP,3
344151,04/03/2021,quinta-feira,10:00:00,SP,ATIBAIA,Manobra de mudança de faixa,Queda de ocupante de veículo,Com Vítimas Feridas,Pleno dia,Crescente,Sol,Dupla,Reta,1,0,0,1,1,SR-SP,4
344157,04/03/2021,quinta-feira,10:35:00,SP,MARILIA,Avarias e/ou desgaste excessivo no pneu,Saída de leito carroçável,Com Vítimas Feridas,Pleno dia,Decrescente,Nublado,Simples,Não Informado,1,0,0,1,1,SR-SP,4
344211,04/03/2021,quinta-feira,15:10:00,SP,BADY BASSITT,Acumulo de óleo sobre o pavimento,Tombamento,Com Vítimas Feridas,Pleno dia,Crescente,Sol,Simples,Rotatória,1,0,0,1,1,SR-SP,4
344215,04/03/2021,quinta-feira,14:40:00,SP,SAO LOURENCO DA SERRA,Demais falhas mecânicas ou elétricas,Eventos atípicos,Com Vítimas Feridas,Pleno dia,Decrescente,Chuva,Dupla,Curva,1,0,0,1,1,SR-SP,4
344217,04/03/2021,quinta-feira,15:30:00,SP,REGISTRO,Avarias e/ou desgaste excessivo no pneu,Tombamento,Com Vítimas Feridas,Pleno dia,Decrescente,Nublado,Dupla,Reta,4,0,2,2,3,SR-SP,4
344258,04/03/2021,quinta-feira,18:20:00,SP,GUARULHOS,Condutor deixou de manter distância do veículo da frente,Colisão traseira,Sem Vítimas,Anoitecer,Decrescente,Nublado,Múltipla,Reta,2,0,2,0,2,SR-SP,4
344310,05/03/2021,sexta-feira,00:05:00,SP,GUARULHOS,Pista Escorregadia,Colisão com objeto,Com Vítimas Feridas,Plena Noite,Decrescente,Nublado,Múltipla,Reta,3,0,1,1,2,SR-SP,5
344322,05/03/2021,sexta-feira,01:20:00,SP,SANTA ISABEL,Condutor deixou de manter distância do veículo da frente,Colisão traseira,Com Vítimas Feridas,Plena Noite,Crescente,Céu Claro,Dupla,Não Informado,2,0,1,1,2,SR-SP,5
344336,05/03/2021,sexta-feira,05:40:00,SP,SAO PAULO,Pedestre andava na pista,Atropelamento de Pedestre,Com Vítimas Feridas,Amanhecer,Decrescente,Nublado,Dupla,Curva,3,0,2,1,1,SR-SP,5
344339,05/03/2021,sexta-feira,05:30:00,SP,TAUBATE,Condutor deixou de manter distância do veículo da frente,Derramamento de carga,Sem Vítimas,Amanhecer,Decrescente,Nublado,Dupla,Reta,1,0,1,0,1,SR-SP,5
344426,05/03/2021,sexta-feira,15:55:00,SP,ITAPECERICA DA SERRA,Mal súbito do condutor,Colisão traseira,Com Vítimas Feridas,Pleno dia,Crescente,Céu Claro,Dupla,Reta,2,0,1,1,2,SR-SP,5
344447,05/03/2021,sexta-feira,17:55:00,SP,UBATUBA,Velocidade Incompatível,Colisão transversal,Com Vítimas Feridas,Pleno dia,Decrescente,Nublado,Simples,Reta,2,0,1,1,2,SR-SP,5
344463,05/03/2021,sexta-feira,18:10:00,SP,BARRA DO TURVO,Obstrução na via,Colisão traseira,Com Vítimas Feridas,Plena Noite,Crescente,Garoa/Chuvisco,Simples,Curva,2,0,1,1,2,SR-SP,5
344501,05/03/2021,sexta-feira,20:00:00,SP,GUARULHOS,Manobra de mudança de faixa,Colisão lateral mesmo sentido,Sem Vítimas,Plena Noite,Decrescente,Céu Claro,Múltipla,Reta,2,0,2,0,2,SR-SP,5
344503,05/03/2021,sexta-feira,21:50:00,SP,SAO PAULO,Ausência de reação do condutor,Colisão traseira,Com Vítimas Feridas,Plena Noite,Crescente,Garoa/Chuvisco,Dupla,Reta,3,0,2,1,3,SR-SP,5
344533,05/03/2021,sexta-feira,21:50:00,SP,JUQUITIBA,Chuva,Saída de leito carroçável,Com Vítimas Feridas,Plena Noite,Decrescente,Chuva,Dupla,Reta,1,0,0,1,1,SR-SP,5
344549,06/03/2021,sábado,06:10:00,SP,GUAIMBE,Ingestão de álcool pelo condutor,Colisão com objeto,Sem Vítimas,Pleno dia,Crescente,Nublado,Simples,Reta,1,0,0,0,1,SR-SP,6
344564,06/03/2021,sábado,07:00:00,SP,MIRACATU,Demais falhas mecânicas ou elétricas,Incêndio,Sem Vítimas,Pleno dia,Crescente,Garoa/Chuvisco,Dupla,Não Informado,3,0,2,0,2,SR-SP,6
344602,06/03/2021,sábado,13:10:00,SP,MIRACATU,Demais falhas mecânicas ou elétricas,Incêndio,Sem Vítimas,Pleno dia,Decrescente,Garoa/Chuvisco,Dupla,Curva,1,0,1,0,1,SR-SP,6
344607,06/03/2021,sábado,12:00:00,SP,GUARULHOS,Ultrapassagem Indevida,Colisão lateral mesmo sentido,Com Vítimas Feridas,Pleno dia,Crescente,Nublado,Múltipla,Reta,3,0,0,2,2,SR-SP,6
344613,06/03/2021,sábado,13:15:00,SP,MAIRIPORA,Velocidade Incompatível,Colisão com objeto,Com Vítimas Feridas,Pleno dia,Decrescente,Garoa/Chuvisco,Dupla,Desvio Temporário,1,0,0,1,1,SR-SP,6
344615,06/03/2021,sábado,14:00:00,SP,ONDA VERDE,Reação tardia ou ineficiente do condutor,Colisão traseira,Com Vítimas Feridas,Pleno dia,Crescente,Nublado,Simples,Reta,3,0,2,1,2,SR-SP,6
344617,06/03/2021,sábado,11:45:00,SP,BARRA DO TURVO,Entrada inopinada do pedestre,Atropelamento de Pedestre,Com Vítimas Feridas,Pleno dia,Crescente,Nublado,Dupla,Reta,4,0,2,1,1,SR-SP,6
344628,06/03/2021,sábado,14:35:00,SP,SAO PAULO,Reação tardia ou ineficiente do condutor,Colisão traseira,Sem Vítimas,Pleno dia,Decrescente,Nublado,Múltipla,Reta,3,0,3,0,2,SR-SP,6
344633,06/03/2021,sábado,14:40:00,SP,MIRACATU,Velocidade Incompatível,Saída de leito carroçável,Sem Vítimas,Pleno dia,Crescente,Chuva,Dupla,Reta,2,0,2,0,1,SR-SP,6
344637,06/03/2021,sábado,15:30:00,SP,EMBU DAS ARTES,Acesso irregular,Colisão traseira,Com Vítimas Feridas,Pleno dia,Crescente,Céu Claro,Dupla,Reta,4,0,2,2,2,SR-SP,6
344639,06/03/2021,sábado,16:10:00,SP,REGISTRO,Chuva,Colisão lateral mesmo sentido,Com Vítimas Feridas,Pleno dia,Decrescente,Chuva,Dupla,Reta,4,0,2,2,2,SR-SP,6