ID,DATA,DIA_SEMANA,HORARIO,ESTADO,MUNICIPIO,CAUSA_ACIDENTE,TIPO_ACIDENTE,CLASSIFICACAO_ACIDENTE,FASE_DIA,SENTIDO_VIA,CONDICAO_METEREOLOGICA,TIPO_PISTA,TRACADO_VIA,PESSOAS,MORTOS,ILESOS,FERIDOS,VEICULOS,REGIONAL,MES
344658,06/03/2021,sábado,17:15:00,SP,MAIRIPORA,Reação tardia ou ineficiente do condutor,Colisão traseira,Sem Vítimas,Pleno dia,Decrescente,Chuva,Dupla,Reta,4,0,4,0,3,SR-SP,6
344669,06/03/2021,sábado,17:10:00,SP,CAJATI,Velocidade Incompatível,Colisão lateral mesmo sentido,Com Vítimas Feridas,Pleno dia,Decrescente,Chuva,Simples,Curva,2,0,1,1,2,SR-SP,6
344705,06/03/2021,sábado,20:36:00,SP,PINDAMONHANGABA,Chuva,Queda de ocupante de veículo,Com Vítimas Feridas,Plena Noite,Crescente,Chuva,Dupla,Reta,3,0,1,2,1,SR-SP,6
344727,06/03/2021,sábado,21:45:00,SP,VARGEM,Ingestão de álcool pelo condutor,Colisão lateral mesmo sentido,Com Vítimas Feridas,Plena Noite,Crescente,Chuva,Dupla,Reta,4,0,0,1,2,SR-SP,6
344740,06/03/2021,sábado,20:50:00,SP,EMBU DAS ARTES,Chuva,Saída de leito carroçável,Com Vítimas Feridas,Plena Noite,Decrescente,Garoa/Chuvisco,Dupla,Reta,1,0,0,1,1,SR-SP,6
344752,06/03/2021,sábado,23:30:00,SP,ROSEIRA,Chuva,Colisão traseira,Com Vítimas Feridas,Plena Noite,Decrescente,Chuva,Dupla,Reta,3,0,1,2,2,SR-SP,6
344791,07/03/2021,domingo,04:45:00,SP,QUELUZ,Acumulo de água sobre o pavimento,Colisão lateral mesmo sentido,Com Vítimas Feridas,Amanhecer,Crescente,Garoa/Chuvisco,Dupla,Curva,2,0,1,1,1,SR-SP,7
344798,07/03/2021,domingo,06:30:00,SP,SANTA ISABEL,Pista Escorregadia,Saída de leito carroçável,Com Vítimas Feridas,Pleno dia,Decrescente,Chuva,Dupla,Reta,5,0,3,2,1,SR-SP,7
344804,06/03/2021,sábado,18:13:00,SP,JUQUITIBA,Pista Escorregadia,Saída de leito carroçável,Com Vítimas Feridas,Anoitecer,Crescente,Garoa/Chuvisco,Dupla,Curva,2,0,1,1,1,SR-SP,6
344822,07/03/2021,domingo,10:55:00,SP,GUARATINGUETA,Reação tardia ou ineficiente do condutor,Saída de leito carroçável,Com Vítimas Feridas,Pleno dia,Decrescente,Nublado,Dupla,Reta,4,0,2,2,1,SR-SP,7
344832,07/03/2021,domingo,08:50:00,SP,BARRA DO TURVO,Pista Escorregadia,Colisão com objeto,Com Vítimas Feridas,Pleno dia,Crescente,Chuva,Dupla,Curva,2,0,1,1,1,SR-SP,7
344834,07/03/2021,domingo,12:45:00,SP,CAJATI,Velocidade Incompatível,Tombamento,Com Vítimas Feridas,Pleno dia,Decrescente,Céu Claro,Dupla,Curva,1,0,0,1,1,SR-SP,7
344843,07/03/2021,domingo,13:40:00,SP,TABOAO DA SERRA,Ausência de reação do condutor,Colisão traseira,Sem Vítimas,Pleno dia,Decrescente,Nublado,Dupla,Reta,2,0,1,0,2,SR-SP,7
344847,07/03/2021,domingo,14:34:00,SP,SANTA ISABEL,Velocidade Incompatível,Saída de leito carroçável,Sem Vítimas,Pleno dia,Decrescente,Garoa/Chuvisco,Dupla,Curva,2,0,2,0,1,SR-SP,7
344848,07/03/2021,domingo,14:25:00,SP,EMBU DAS ARTES,Ausência de reação do condutor,Colisão lateral mesmo sentido,Sem Vítimas,Pleno dia,Decrescente,Céu Claro,Dupla,Reta,2,0,1,0,2,SR-SP,7
344886,07/03/2021,domingo,14:15:00,SP,GUARULHOS,Velocidade Incompatível,Colisão lateral mesmo sentido,Com Vítimas Feridas,Pleno dia,Decrescente,Céu Claro,Múltipla,Reta,2,0,1,1,2,SR-SP,7
344889,07/03/2021,domingo,17:02:00,SP,CRUZEIRO,Velocidade Incompatível,Colisão com objeto,Com Vítimas Feridas,Pleno dia,Decrescente,Chuva,Dupla,Curva,1,0,0,1,1,SR-SP,7
344925,07/03/2021,domingo,20:10:00,SP,JACAREI,Reação tardia ou ineficiente do condutor,Colisão com objeto,Sem Vítimas,Plena Noite,Crescente,Céu Claro,Dupla,Curva,1,0,1,0,1,SR-SP,7
344940,07/03/2021,domingo,20:00:00,SP,GUARULHOS,Manobra de mudança de faixa,Colisão lateral mesmo sentido,Com Vítimas Feridas,Anoitecer,Decrescente,Céu Claro,Múltipla,Reta,3,0,1,2,2,SR-SP,7
344942,07/03/2021,domingo,21:50:00,SP,SAO LOURENCO DA SERRA,Ingestão de álcool pelo condutor,Colisão com objeto,Com Vítimas Feridas,Plena Noite,Crescente,Céu Claro,Dupla,Curva,4,0,0,4,1,SR-SP,7
344946,07/03/2021,domingo,21:45:00,SP,GUARULHOS,Velocidade Incompatível,Colisão traseira,Com Vítimas Feridas,Plena Noite,Decrescente,Garoa/Chuvisco,Dupla,Reta,6,0,1,4,2,SR-SP,7
344961,07/03/2021,domingo,23:55:00,SP,EMBU DAS ARTES,Acessar a via sem observar a presença dos outros veículos,Colisão traseira,Com Vítimas Feridas,Plena Noite,Decrescente,Céu Claro,Dupla,Reta,2,0,1,1,2,SR-SP,7
344965,08/03/2021,segunda-feira,00:42:00,SP,GUARATINGUETA,Animais na Pista,Atropelamento de Animal,Sem Vítimas,Plena Noite,Crescente,Nublado,Dupla,Reta,1,0,1,0,1,SR-SP,8
344968,08/03/2021,segunda-feira,02:00:00,SP,MIRACATU,Ausência de reação do condutor,Tombamento,Com Vítimas Feridas,Plena Noite,Decrescente,Nublado,Dupla,Não Informado,1,0,0,1,1,SR-SP,8
345026,08/03/2021,segunda-feira,09:10:00,SP,GUARATINGUETA,Ultrapassagem Indevida,Tombamento,Com Vítimas Feridas,Pleno dia,Crescente,Céu Claro,Simples,Reta,1,0,0,1,1,SR-SP,8
345057,08/03/2021,segunda-feira,14:35:00,SP,SAO PAULO,Demais falhas mecânicas ou elétricas,Colisão lateral mesmo sentido,Com Vítimas Feridas,Pleno dia,Crescente,Nublado,Dupla,Reta,2,0,1,1,2,SR-SP,8
345077,08/03/2021,segunda-feira,15:59:00,SP,SAO PAULO,Ausência de reação do condutor,Capotamento,Com Vítimas Feridas,Pleno dia,Decrescente,Chuva,Múltipla,Curva,1,0,0,1,1,SR-SP,8
345085,08/03/2021,segunda-feira,17:08:00,SP,MAIRIPORA,Reação tardia ou ineficiente do condutor,Colisão com objeto,Sem Vítimas,Pleno dia,Decrescente,Chuva,Dupla,Curva,1,0,1,0,1,SR-SP,8
345152,08/03/2021,segunda-feira,22:55:00,SP,MIRACATU,Demais falhas mecânicas ou elétricas,Incêndio,Sem Vítimas,Plena Noite,Crescente,Céu Claro,Dupla,Curva,1,0,1,0,1,SR-SP,8
345178,09/03/2021,terça-feira,06:05:00,SP,MIRACATU,Demais falhas mecânicas ou elétricas,Incêndio,Sem Vítimas,Amanhecer,Crescente,Céu Claro,Dupla,Desvio Temporário,1,0,1,0,1,SR-SP,9
345185,19/02/2021,sexta-feira,16:25:00,SP,PIQUETE,Trafegar com motocicleta (ou similar) entre as faixas,Colisão lateral sentido oposto,Com Vítimas Feridas,Pleno dia,Crescente,Nublado,Simples,Curva,2,0,1,1,2,SR-SP,
345209,09/03/2021,terça-feira,09:24:00,SP,GUARATINGUETA,Reação tardia ou ineficiente do condutor,Colisão traseira,Com Vítimas Feridas,Pleno dia,Crescente,Céu Claro,Dupla,Reta,3,0,0,2,2,SR-SP,9
345215,09/03/2021,terça-feira,06:50:00,SP,JUQUIA,Reação tardia ou ineficiente do condutor,Colisão traseira,Com Vítimas Feridas,Pleno dia,Crescente,Céu Claro,Dupla,Reta,2,0,0,1,2,SR-SP,9
345217,09/03/2021,terça-feira,09:30:00,SP,TABOAO DA SERRA,Velocidade Incompatível,Eventos atípicos,Com Vítimas Feridas,Pleno dia,Crescente,Nublado,Dupla,Reta,2,0,1,1,1,SR-SP,9
345276,09/03/2021,terça-feira,16:45:00,SP,GUARULHOS,Avarias e/ou desgaste excessivo no pneu,Queda de ocupante de veículo,Com Vítimas Feridas,Pleno dia,Decrescente,Nublado,Dupla,Reta,1,0,0,1,1,SR-SP,9
345288,09/03/2021,terça-feira,17:30:00,SP,GUARULHOS,Avarias e/ou desgaste excessivo no pneu,Tombamento,Com Vítimas Feridas,Pleno dia,Decrescente,Nublado,Múltipla,Reta,2,0,1,1,1,SR-SP,9
345300,09/03/2021,terça-feira,18:20:00,SP,BARRA DO TURVO,Pista Escorregadia,Saída de leito carroçável,Com Vítimas Feridas,Anoitecer,Decrescente,Chuva,Simples,Curva,1,0,0,1,1,SR-SP,9
345310,09/03/2021,terça-feira,18:00:00,SP,SAO JOSE DOS CAMPOS,Manobra de mudança de faixa,Colisão com objeto,Com Vítimas Feridas,Anoitecer,Decrescente,Nublado,Dupla,Interseção de vias,2,0,1,1,2,SR-SP,9
345315,09/03/2021,terça-feira,17:30:00,SP,GUAICARA,Chuva,Tombamento,Com Vítimas Feridas,Pleno dia,Crescente,Chuva,Simples,Reta,1,0,0,1,1,SR-SP,9
345316,06/03/2021,sábado,07:10:00,SP,ATIBAIA,Demais falhas mecânicas ou elétricas,Incêndio,Sem Vítimas,Pleno dia,Decrescente,Nublado,Simples,Reta,1,0,1,0,1,SR-SP,6
345330,09/03/2021,terça-feira,19:00:00,SP,TABOAO DA SERRA,Trafegar com motocicleta (ou similar) entre as faixas,Colisão traseira,Com Vítimas Feridas,Plena Noite,Crescente,Nublado,Dupla,Reta,3,0,1,2,2,SR-SP,9
345336,09/03/2021,terça-feira,22:00:00,SP,BARRA DO TURVO,Reação tardia ou ineficiente do condutor,Tombamento,Com Vítimas Feridas,Plena Noite,Decrescente,Garoa/Chuvisco,Dupla,Curva,1,0,0,1,1,SR-SP,9
345340,09/03/2021,terça-feira,21:45:00,SP,APARECIDA,Chuva,Colisão com objeto,Com Vítimas Feridas,Plena Noite,Decrescente,Chuva,Dupla,Reta,2,0,1,1,2,SR-SP,9
345342,09/03/2021,terça-feira,21:45:00,SP,JOSE BONIFACIO,Objeto estático sobre o leito carroçável,Colisão com objeto,Com Vítimas Feridas,Plena Noite,Decrescente,Nublado,Simples,Reta,2,0,1,1,2,SR-SP,9
345362,10/03/2021,quarta-feira,04:14:00,SP,CACHOEIRA PAULISTA,Ausência de reação do condutor,Colisão com objeto,Sem Vítimas,Plena Noite,Crescente,Céu Claro,Dupla,Reta,1,0,1,0,1,SR-SP,10
345374,10/03/2021,quarta-feira,05:50:00,SP,LORENA,Velocidade Incompatível,Colisão com objeto,Com Vítimas Feridas,Amanhecer,Decrescente,Céu Claro,Dupla,Reta,2,0,0,2,1,SR-SP,10
345375,10/03/2021,quarta-feira,06:19:00,SP,GUARULHOS,Acessar a via sem observar a presença dos outros veículos,Colisão traseira,Com Vítimas Feridas,Pleno dia,Crescente,Céu Claro,Múltipla,Reta,2,0,1,1,2,SR-SP,10
345381,10/03/2021,quarta-feira,06:50:00,SP,ROSEIRA,Entrada inopinada do pedestre,Atropelamento de Pedestre,Com Vítimas Fatais,Pleno dia,Crescente,Nublado,Dupla,Reta,2,1,1,0,1,SR-SP,10
345421,10/03/2021,quarta-feira,10:30:00,SP,EMBU DAS ARTES,Mal súbito do condutor,Colisão frontal,Com Vítimas Feridas,Pleno dia,Decrescente,Céu Claro,Simples,Retorno Regulamentado,2,0,0,2,2,SR-SP,10
345465,10/03/2021,quarta-feira,14:00:00,SP,SAO JOSE DO RIO PRETO,Mal súbito do condutor,Tombamento,Com Vítimas Feridas,Pleno dia,Decrescente,Sol,Dupla,Não Informado,1,0,0,1,1,SR-SP,10
345468,10/03/2021,quarta-feira,15:00:00,SP,UBARANA,Reação tardia ou ineficiente do condutor,Colisão frontal,Com Vítimas Feridas,Pleno dia,Crescente,Céu Claro,Simples,Reta,2,0,0,2,2,SR-SP,10
345487,10/03/2021,quarta-feira,16:45:00,SP,EMBU DAS ARTES,Ausência de reação do condutor,Colisão lateral sentido oposto,Com Vítimas Feridas,Pleno dia,Decrescente,Céu Claro,Dupla,Curva,2,0,1,1,2,SR-SP,10
345610,11/03/2021,quinta-feira,11:59:00,SP,PARIQUERA-ACU,Velocidade Incompatível,Saída de leito carroçável,Com Vítimas Feridas,Pleno dia,Decrescente,Céu Claro,Simples,Curva,1,0,0,1,1,SR-SP,11
345690,11/03/2021,quinta-feira,20:00:00,SP,REGISTRO,Pedestre andava na pista,Atropelamento de Pedestre,Com Vítimas Feridas,Plena Noite,Crescente,Céu Claro,Dupla,Reta,2,0,1,1,1,SR-SP,11
345693,11/03/2021,quinta-feira,09:20:00,SP,CAJATI,Demais falhas mecânicas ou elétricas,Colisão com objeto,Sem Vítimas,Pleno dia,Decrescente,Nublado,Dupla,Curva,2,0,2,0,2,SR-SP,11
345716,11/03/2021,quinta-feira,23:55:00,SP,SAO JOSE DOS CAMPOS,Condutor Dormindo,Colisão traseira,Sem Vítimas,Plena Noite,Decrescente,Nublado,Dupla,Reta,2,0,2,0,2,SR-SP,11
345723,12/03/2021,sexta-feira,01:45:00,SP,GUARULHOS,Reação tardia ou ineficiente do condutor,Colisão lateral mesmo sentido,Com Vítimas Feridas,Plena Noite,Decrescente,Céu Claro,Múltipla,Reta,3,0,2,1,2,SR-SP,12
345754,11/03/2021,quinta-feira,19:45:00,SP,MAIRIPORA,Ausência de reação do condutor,Saída de leito carroçável,Sem Vítimas,Plena Noite,Crescente,Nublado,Dupla,Reta,1,0,0,0,1,SR-SP,11
345772,12/03/2021,sexta-feira,07:30:00,SP,SAO PAULO,Demais falhas mecânicas ou elétricas,Queda de ocupante de veículo,Com Vítimas Feridas,Pleno dia,Decrescente,Céu Claro,Dupla,Reta,2,0,0,2,1,SR-SP,12
345776,12/03/2021,sexta-feira,09:10:00,SP,REGISTRO,Demais falhas mecânicas ou elétricas,Saída de leito carroçável,Com Vítimas Feridas,Pleno dia,Decrescente,Céu Claro,Dupla,Reta,1,0,0,1,1,SR-SP,12
345784,12/03/2021,sexta-feira,09:50:00,SP,PINDAMONHANGABA,Condutor deixou de manter distância do veículo da frente,Engavetamento,Com Vítimas Feridas,Pleno dia,Crescente,Céu Claro,Dupla,Reta,4,0,2,2,3,SR-SP,12
345786,12/03/2021,sexta-feira,10:45:00,SP,TABOAO DA SERRA,Manobra de mudança de faixa,Colisão lateral mesmo sentido,Com Vítimas Feridas,Pleno dia,Decrescente,Céu Claro,Dupla,Reta,3,0,1,2,2,SR-SP,12
345806,12/03/2021,sexta-feira,12:00:00,SP,GUARULHOS,Condutor deixou de manter distância do veículo da frente,Colisão traseira,Sem Vítimas,Pleno dia,Decrescente,Céu Claro,Dupla,Reta,2,0,2,0,2,SR-SP,12
345820,12/03/2021,sexta-feira,13:20:00,SP,MAIRIPORA,Manobra de mudança de faixa,Colisão lateral mesmo sentido,Com Vítimas Feridas,Pleno dia,Crescente,Céu Claro,Múltipla,Reta,3,0,1,2,2,SR-SP,12
345825,24/02/2021,quarta-feira,13:00:00,SP,MIRACATU,Carga excessiva e/ou mal acondicionada,Derramamento de carga,Sem Vítimas,Pleno dia,Crescente,Nublado,Dupla,Curva,1,0,1,0,1,SR-SP,
345875,12/03/2021,sexta-feira,15:40:00,SP,MIRACATU,Curva acentuada,Tombamento,Com Vítimas Feridas,Pleno dia,Decrescente,Céu Claro,Dupla,Curva,1,0,0,1,1,SR-SP,12
345891,12/03/2021,sexta-feira,18:15:00,SP,GUARULHOS,Manobra de mudança de faixa,Tombamento,Com Vítimas Feridas,Anoitecer,Decrescente,Nublado,Múltipla,Reta,1,0,0,1,1,SR-SP,12
345912,12/03/2021,sexta-feira,19:30:00,SP,BARRA DO TURVO,Demais falhas mecânicas ou elétricas,Incêndio,Sem Vítimas,Plena Noite,Crescente,Céu Claro,Simples,Curva,2,0,2,0,1,SR-SP,12
345935,12/03/2021,sexta-feira,20:40:00,SP,APARECIDA,Pedestre andava na pista,Atropelamento de Pedestre,Com Vítimas Feridas,Plena Noite,Decrescente,Nublado,Múltipla,Curva,2,0,0,2,1,SR-SP,12
345972,13/03/2021,sábado,06:15:00,SP,JOSE BONIFACIO,Objeto estático sobre o leito carroçável,Saída de leito carroçável,Com Vítimas Feridas,Amanhecer,Crescente,Sol,Simples,Desvio Temporário,1,0,0,1,1,SR-SP,
345986,13/03/2021,sábado,02:52:00,SP,SAO JOSE DOS CAMPOS,Condutor Dormindo,Colisão com objeto,Com Vítimas Feridas,Plena Noite,Crescente,Céu Claro,Dupla,Reta,1,0,0,1,1,SR-SP,
346033,13/03/2021,sábado,13:50:00,SP,SAO JOSE DO RIO PRETO,Reação tardia ou ineficiente do condutor,Colisão lateral mesmo sentido,Com Vítimas Feridas,Pleno dia,Crescente,Sol,Simples,Reta,2,0,0,2,2,SR-SP,
346041,13/03/2021,sábado,15:15:00,SP,JOSE BONIFACIO,Demais falhas mecânicas ou elétricas,Incêndio,Sem Vítimas,Pleno dia,Crescente,Céu Claro,Simples,Reta,1,0,1,0,1,SR-SP,
346103,13/03/2021,sábado,20:15:00,SP,GUARULHOS,Condutor deixou de manter distância do veículo da frente,Colisão traseira,Com Vítimas Feridas,Plena Noite,Decrescente,Céu Claro,Múltipla,Reta,1,0,0,1,1,SR-SP,
346106,13/03/2021,sábado,20:15:00,SP,GUARULHOS,Transitar no acostamento,Colisão traseira,Com Vítimas Feridas,Plena Noite,Crescente,Céu Claro,Múltipla,Reta,3,0,1,2,2,SR-SP,
346132,13/03/2021,sábado,23:00:00,SP,JACUPIRANGA,Pedestre andava na pista,Atropelamento de Pedestre,Com Vítimas Fatais,Plena Noite,Decrescente,Céu Claro,Dupla,Reta,3,1,2,0,1,SR-SP,
346207,14/03/2021,domingo,15:50:00,SP,CAJATI,Demais falhas mecânicas ou elétricas,Colisão traseira,Com Vítimas Feridas,Pleno dia,Decrescente,Céu Claro,Dupla,Não Informado,2,0,1,1,2,SR-SP,
346226,14/03/2021,domingo,17:00:00,SP,JACAREI,Avarias e/ou desgaste excessivo no pneu,Colisão com objeto,Com Vítimas Feridas,Pleno dia,Decrescente,Chuva,Múltipla,Curva,2,0,1,1,2,SR-SP,
346230,14/03/2021,domingo,17:00:00,SP,GUARULHOS,Pista Escorregadia,Colisão com objeto,Com Vítimas Feridas,Anoitecer,Decrescente,Chuva,Dupla,Reta,3,0,1,2,2,SR-SP,
346235,14/03/2021,domingo,17:50:00,SP,VARGEM,Transitar no acostamento,Colisão traseira,Com Vítimas Feridas,Pleno dia,Decrescente,Céu Claro,Dupla,Reta,3,0,2,1,2,SR-SP,
346242,14/03/2021,domingo,18:00:00,SP,JACAREI,Demais falhas mecânicas ou elétricas,Saída de leito carroçável,Sem Vítimas,Anoitecer,Decrescente,Chuva,Dupla,Não Informado,1,0,1,0,1,SR-SP,
346309,14/03/2021,domingo,21:30:00,SP,UBATUBA,Iluminação deficiente,Queda de ocupante de veículo,Com Vítimas Feridas,Plena Noite,Crescente,Céu Claro,Simples,Curva,1,0,0,1,1,SR-SP,
346310,14/03/2021,domingo,21:05:00,SP,JACAREI,Velocidade Incompatível,Colisão com objeto,Com Vítimas Feridas,Plena Noite,Crescente,Céu Claro,Dupla,Reta,4,0,0,1,1,SR-SP,
346327,14/03/2021,domingo,21:30:00,SP,JACUPIRANGA,Ausência de reação do condutor,Colisão traseira,Com Vítimas Fatais,Plena Noite,Crescente,Céu Claro,Dupla,Reta,2,1,1,0,2,SR-SP,
346329,15/03/2021,segunda-feira,01:10:00,SP,SAO JOSE DOS CAMPOS,Ausência de reação do condutor,Colisão traseira,Com Vítimas Feridas,Plena Noite,Decrescente,Nublado,Dupla,Não Informado,2,0,0,2,2,SR-SP,
346373,15/03/2021,segunda-feira,10:15:00,SP,SAO JOSE DO RIO PRETO,Ausência de reação do condutor,Colisão com objeto,Com Vítimas Feridas,Pleno dia,Crescente,Sol,Simples,Viaduto,2,0,1,1,1,SR-SP,
346374,15/03/2021,segunda-feira,08:00:00,SP,MIRACATU,Ausência de reação do condutor,Tombamento,Com Vítimas Feridas,Pleno dia,Decrescente,Céu Claro,Dupla,Não Informado,1,0,0,1,1,SR-SP,
346375,28/02/2021,domingo,20:30:00,SP,SAO JOSE DO RIO PRETO,Condutor deixou de manter distância do veículo da frente,Colisão traseira,Com Vítimas Feridas,Plena Noite,Crescente,Ignorado,Dupla,Não Informado,1,0,0,1,1,SR-SP,
346406,15/03/2021,segunda-feira,12:45:00,SP,JUQUIA,Obstrução na via,Colisão traseira,Sem Vítimas,Pleno dia,Decrescente,Céu Claro,Simples,Reta,4,0,4,0,2,SR-SP,
346409,15/03/2021,segunda-feira,10:15:00,SP,CACHOEIRA PAULISTA,Mal súbito do condutor,Colisão com objeto,Com Vítimas Feridas,Pleno dia,Decrescente,Céu Claro,Dupla,Reta,2,0,0,2,1,SR-SP,
346469,15/03/2021,segunda-feira,21:45:00,SP,BARRA DO TURVO,Velocidade Incompatível,Colisão com objeto,Com Vítimas Feridas,Plena Noite,Crescente,Nublado,Dupla,Reta,1,0,0,1,1,SR-SP,
346476,15/03/2021,segunda-feira,23:45:00,SP,CACHOEIRA PAULISTA,Pedestre andava na pista,Atropelamento de Pedestre,Com Vítimas Feridas,Plena Noite,Crescente,Nublado,Dupla,Reta,2,0,0,1,1,SR-SP,
346493,16/03/2021,terça-feira,07:05:00,SP,GUARULHOS,Manobra de mudança de faixa,Colisão traseira,Com Vítimas Feridas,Pleno dia,Crescente,Céu Claro,Múltipla,Reta,2,0,1,1,2,SR-SP,
346502,16/03/2021,terça-feira,08:05:00,SP,JACAREI,Curva acentuada,Queda de ocupante de veículo,Com Vítimas Feridas,Pleno dia,Crescente,Nublado,Dupla,Não Informado,1,0,0,1,1,SR-SP,
346546,16/03/2021,terça-feira,14:15:00,SP,ARUJA,Pedestre cruzava a pista fora da faixa,Atropelamento de Pedestre,Com Vítimas Feridas,Pleno dia,Crescente,Céu Claro,Múltipla,Reta,2,0,1,1,1,SR-SP,
346556,16/03/2021,terça-feira,15:40:00,SP,GUARULHOS,Manobra de mudança de faixa,Colisão lateral mesmo sentido,Com Vítimas Feridas,Pleno dia,Decrescente,Sol,Múltipla,Reta,2,0,0,1,2,SR-SP,
346568,16/03/2021,terça-feira,16:20:00,SP,TABOAO DA SERRA,Condutor deixou de manter distância do veículo da frente,Colisão traseira,Com Vítimas Feridas,Pleno dia,Crescente,Céu Claro,Dupla,Reta,2,0,1,1,2,SR-SP,
346580,16/03/2021,terça-feira,17:30:00,SP,SAO JOSE DOS CAMPOS,Ausência de reação do condutor,Colisão traseira,Com Vítimas Feridas,Pleno dia,Crescente,Céu Claro,Dupla,Reta,2,0,1,1,2,SR-SP,
346595,16/03/2021,terça-feira,18:00:00,SP,SAO PAULO,Velocidade Incompatível,Colisão com objeto,Com Vítimas Feridas,Anoitecer,Crescente,Nublado,Dupla,Curva,2,0,0,2,1,SR-SP,
346598,16/03/2021,terça-feira,18:45:00,SP,CACAPAVA,Entrada inopinada do pedestre,Atropelamento de Pedestre,Com Vítimas Feridas,Anoitecer,Crescente,Céu Claro,Dupla,Reta,3,0,1,1,1,SR-SP,
346600,16/03/2021,terça-feira,19:00:00,SP,SAO PAULO,Ausência de reação do condutor,Colisão com objeto,Com Vítimas Feridas,Plena Noite,Crescente,Céu Claro,Múltipla,Reta,1,0,0,1,1,SR-SP,
346628,16/03/2021,terça-feira,22:00:00,SP,GUAICARA,Desrespeitar a preferência no cruzamento,Colisão transversal,Com Vítimas Feridas,Plena Noite,Crescente,Céu Claro,Simples,Interseção de vias,3,0,2,1,2,SR-SP,
346749,17/03/2021,quarta-feira,15:56:00,SP,BRAGANCA PAULISTA,Condutor deixou de manter distância do veículo da frente,Engavetamento,Com Vítimas Feridas,Pleno dia,Decrescente,Céu Claro,Dupla,Reta,7,0,4,3,4,SR-SP,
346812,18/03/2021,quinta-feira,01:00:00,SP,GUARULHOS,Avarias e/ou desgaste excessivo no pneu,Tombamento,Com Vítimas Feridas,Plena Noite,Decrescente,Ignorado,Múltipla,Reta,2,0,0,2,1,SR-SP,
346868,18/03/2021,quinta-feira,13:00:00,SP,SAO PAULO,Trafegar com motocicleta (ou similar) entre as faixas,Colisão lateral mesmo sentido,Com Vítimas Feridas,Pleno dia,Crescente,Nublado,Múltipla,Reta,2,0,1,1,2,SR-SP,
346902,18/03/2021,quinta-feira,14:40:00,SP,JUQUITIBA,Velocidade Incompatível,Colisão com objeto,Com Vítimas Feridas,Pleno dia,Decrescente,Chuva,Dupla,Curva,2,0,0,2,1,SR-SP,
346932,18/03/2021,quinta-feira,20:00:00,SP,TABOAO DA SERRA,Reação tardia ou ineficiente do condutor,Colisão traseira,Com Vítimas Feridas,Plena Noite,Decrescente,Garoa/Chuvisco,Dupla,Reta,2,0,1,1,2,SR-SP,
346945,18/03/2021,quinta-feira,22:15:00,SP,JUQUITIBA,Velocidade Incompatível,Colisão traseira,Com Vítimas Feridas,Plena Noite,Crescente,Céu Claro,Dupla,Reta,3,0,2,1,2,SR-SP,
346965,19/03/2021,sexta-feira,02:10:00,SP,JUQUIA,Demais falhas mecânicas ou elétricas,Incêndio,Sem Vítimas,Plena Noite,Crescente,Chuva,Dupla,Reta,1,0,1,0,1,SR-SP,
346977,19/03/2021,sexta-feira,06:45:00,SP,GUARULHOS,Condutor deixou de manter distância do veículo da frente,Colisão traseira,Com Vítimas Feridas,Amanhecer,Crescente,Céu Claro,Múltipla,Reta,2,0,1,1,2,SR-SP,
346997,19/03/2021,sexta-feira,07:50:00,SP,BARRA DO TURVO,Pista Escorregadia,Saída de leito carroçável,Com Vítimas Feridas,Pleno dia,Crescente,Chuva,Simples,Curva,1,0,0,1,1,SR-SP,
346998,19/03/2021,sexta-feira,07:50:00,SP,JUQUIA,Acumulo de água sobre o pavimento,Saída de leito carroçável,Com Vítimas Feridas,Pleno dia,Decrescente,Chuva,Dupla,Reta,2,0,1,1,1,SR-SP,
347002,19/03/2021,sexta-feira,09:04:00,SP,SAO PAULO,Condutor deixou de manter distância do veículo da frente,Colisão traseira,Com Vítimas Feridas,Pleno dia,Crescente,Céu Claro,Múltipla,Reta,2,0,1,1,2,SR-SP,
347004,19/03/2021,sexta-feira,09:40:00,SP,GUARULHOS,Avarias e/ou desgaste excessivo no pneu,Colisão com objeto,Com Vítimas Feridas,Pleno dia,Decrescente,Sol,Dupla,Reta,3,0,2,1,1,SR-SP,
347010,19/03/2021,sexta-feira,07:30:00,SP,JUQUIA,Acumulo de água sobre o pavimento,Colisão com objeto,Com Vítimas Feridas,Pleno dia,Crescente,Chuva,Dupla,Curva,4,0,1,3,2,SR-SP,
347016,19/03/2021,sexta-feira,11:20:00,SP,MAIRIPORA,Demais falhas mecânicas ou elétricas,Incêndio,Sem Vítimas,Pleno dia,Crescente,Céu Claro,Dupla,Reta,1,0,1,0,1,SR-SP,
347045,19/03/2021,sexta-feira,14:15:00,SP,SALTO GRANDE,Avarias e/ou desgaste excessivo no pneu,Tombamento,Com Vítimas Feridas,Pleno dia,Crescente,Nublado,Simples,Reta,2,0,0,2,1,SR-SP,
347077,19/03/2021,sexta-feira,18:00:00,SP,BARRA DO TURVO,Chuva,Colisão com objeto,Com Vítimas Feridas,Anoitecer,Crescente,Chuva,Dupla,Curva,3,0,2,1,1,SR-SP,
347078,11/03/2021,quinta-feira,09:10:00,SP,GUARULHOS,Condutor deixou de manter distância do veículo da frente,Engavetamento,Com Vítimas Feridas,Pleno dia,Decrescente,Nublado,Dupla,Desvio Temporário,5,0,4,1,3,SR-SP,11
347085,19/03/2021,sexta-feira,18:30:00,SP,UBATUBA,Conversão proibida,Colisão lateral mesmo sentido,Com Vítimas Feridas,Plena Noite,Crescente,Céu Claro,Simples,Reta,2,0,1,1,2,SR-SP,