ID,DATA,DIA_SEMANA,HORARIO,ESTADO,MUNICIPIO,CAUSA_ACIDENTE,TIPO_ACIDENTE,CLASSIFICACAO_ACIDENTE,FASE_DIA,SENTIDO_VIA,CONDICAO_METEREOLOGICA,TIPO_PISTA,TRACADO_VIA,PESSOAS,MORTOS,ILESOS,FERIDOS,VEICULOS,REGIONAL,MES
347095,19/03/2021,sexta-feira,18:25:00,SP,GUARULHOS,Ausência de reação do condutor,Colisão traseira,Com Vítimas Feridas,Plena Noite,Decrescente,Céu Claro,Múltipla,Reta,2,0,1,1,2,SR-SP,
347101,19/03/2021,sexta-feira,19:10:00,SP,ATIBAIA,Pedestre cruzava a pista fora da faixa,Atropelamento de Pedestre,Com Vítimas Feridas,Plena Noite,Decrescente,Céu Claro,Dupla,Reta,2,0,1,1,1,SR-SP,
347105,19/03/2021,sexta-feira,18:55:00,SP,JOSE BONIFACIO,Ingestão de álcool pelo condutor,Engavetamento,Com Vítimas Feridas,Plena Noite,Decrescente,Nublado,Simples,Reta,3,0,2,1,3,SR-SP,
347124,19/03/2021,sexta-feira,16:30:00,SP,SAO PAULO,Condutor deixou de manter distância do veículo da frente,Colisão com objeto,Sem Vítimas,Pleno dia,Crescente,Chuva,Dupla,Reta,1,0,1,0,1,SR-SP,
347135,19/03/2021,sexta-feira,22:30:00,SP,JACAREI,Avarias e/ou desgaste excessivo no pneu,Incêndio,Sem Vítimas,Plena Noite,Decrescente,Céu Claro,Dupla,Reta,1,0,1,0,1,SR-SP,
347138,19/03/2021,sexta-feira,21:45:00,SP,SAO JOSE DOS CAMPOS,Mal súbito do condutor,Colisão traseira,Com Vítimas Feridas,Plena Noite,Crescente,Céu Claro,Múltipla,Reta,2,0,1,1,2,SR-SP,
347139,19/03/2021,sexta-feira,22:00:00,SP,SAO JOSE DOS CAMPOS,Ausência de reação do condutor,Saída de leito carroçável,Sem Vítimas,Plena Noite,Decrescente,Céu Claro,Dupla,Reta,1,0,1,0,1,SR-SP,
347144,19/03/2021,sexta-feira,22:50:00,SP,BARRA DO TURVO,Chuva,Colisão lateral mesmo sentido,Com Vítimas Feridas,Plena Noite,Decrescente,Chuva,Dupla,Curva,2,0,1,1,2,SR-SP,
347174,20/03/2021,sábado,06:30:00,SP,SAO JOSE DO RIO PRETO,Reação tardia ou ineficiente do condutor,Tombamento,Com Vítimas Feridas,Amanhecer,Crescente,Céu Claro,Dupla,Reta,2,0,0,2,1,SR-SP,
347181,20/03/2021,sábado,08:00:00,SP,MAIRIPORA,Demais falhas mecânicas ou elétricas,Saída de leito carroçável,Com Vítimas Feridas,Pleno dia,Crescente,Céu Claro,Dupla,Curva,2,0,1,1,1,SR-SP,
347194,20/03/2021,sábado,06:30:00,SP,MIRACATU,Carga excessiva e/ou mal acondicionada,Derramamento de carga,Sem Vítimas,Amanhecer,Crescente,Nublado,Dupla,Reta,1,0,1,0,1,SR-SP,
347234,20/03/2021,sábado,13:40:00,SP,GUARAREMA,Mal súbito do condutor,Colisão com objeto,Com Vítimas Feridas,Pleno dia,Crescente,Céu Claro,Múltipla,Reta,1,0,0,1,1,SR-SP,
347237,20/03/2021,sábado,14:25:00,SP,ATIBAIA,Reação tardia ou ineficiente do condutor,Tombamento,Com Vítimas Feridas,Pleno dia,Crescente,Céu Claro,Dupla,Reta,1,0,0,1,1,SR-SP,
347254,20/03/2021,sábado,15:35:00,SP,SAO PAULO,Condutor deixou de manter distância do veículo da frente,Colisão transversal,Com Vítimas Feridas,Pleno dia,Crescente,Nublado,Múltipla,Reta,4,0,3,1,3,SR-SP,
347268,20/03/2021,sábado,17:46:00,SP,GUARULHOS,Manobra de mudança de faixa,Colisão lateral mesmo sentido,Sem Vítimas,Pleno dia,Crescente,Céu Claro,Múltipla,Reta,2,0,2,0,2,SR-SP,
347293,20/03/2021,sábado,19:30:00,SP,GUARULHOS,Ausência de reação do condutor,Colisão traseira,Sem Vítimas,Plena Noite,Decrescente,Nublado,Múltipla,Reta,2,0,2,0,2,SR-SP,
347317,20/03/2021,sábado,21:30:00,SP,GUARULHOS,Velocidade Incompatível,Colisão lateral mesmo sentido,Com Vítimas Feridas,Plena Noite,Crescente,Nublado,Múltipla,Reta,1,0,0,1,1,SR-SP,
347321,20/03/2021,sábado,22:10:00,SP,GUARAREMA,Entrada inopinada do pedestre,Atropelamento de Pedestre,Com Vítimas Fatais,Plena Noite,Crescente,Céu Claro,Dupla,Reta,2,1,1,0,1,SR-SP,
347390,21/03/2021,domingo,12:10:00,SP,BARRA DO TURVO,Curva acentuada,Colisão com objeto,Com Vítimas Feridas,Pleno dia,Crescente,Céu Claro,Dupla,Curva,1,0,0,1,1,SR-SP,
347432,21/03/2021,domingo,17:00:00,SP,ONDA VERDE,Desrespeitar a preferência no cruzamento,Colisão transversal,Com Vítimas Feridas,Pleno dia,Crescente,Céu Claro,Simples,Não Informado,5,0,2,3,2,SR-SP,
347456,21/03/2021,domingo,19:22:00,SP,SAO PAULO,Condutor deixou de manter distância do veículo da frente,Colisão com objeto,Com Vítimas Feridas,Plena Noite,Crescente,Céu Claro,Dupla,Reta,1,0,0,1,1,SR-SP,
347489,21/03/2021,domingo,21:20:00,SP,SAO JOSE DO RIO PRETO,Ingestão de álcool pelo condutor,Saída de leito carroçável,Com Vítimas Feridas,Plena Noite,Crescente,Céu Claro,Simples,Reta,1,0,0,1,1,SR-SP,
347522,22/03/2021,segunda-feira,04:25:00,SP,MAIRIPORA,Condutor deixou de manter distância do veículo da frente,Colisão lateral mesmo sentido,Com Vítimas Feridas,Plena Noite,Decrescente,Ignorado,Dupla,Desvio Temporário,3,0,1,2,2,SR-SP,
347558,28/02/2021,domingo,10:11:00,SP,BARRA DO TURVO,Reação tardia ou ineficiente do condutor,Colisão com objeto,Com Vítimas Feridas,Pleno dia,Decrescente,Garoa/Chuvisco,Dupla,Curva,1,0,0,1,1,SR-SP,
347562,22/03/2021,segunda-feira,09:50:00,SP,GUARULHOS,Entrada inopinada do pedestre,Atropelamento de Pedestre,Com Vítimas Feridas,Pleno dia,Crescente,Céu Claro,Simples,Reta,2,0,1,1,1,SR-SP,
347563,22/03/2021,segunda-feira,09:20:00,SP,GUARULHOS,Ausência de reação do condutor,Colisão lateral mesmo sentido,Com Vítimas Feridas,Pleno dia,Crescente,Céu Claro,Múltipla,Reta,4,0,3,1,2,SR-SP,
347570,22/03/2021,segunda-feira,10:30:00,SP,APARECIDA,Avarias e/ou desgaste excessivo no pneu,Tombamento,Com Vítimas Feridas,Pleno dia,Decrescente,Céu Claro,Dupla,Reta,3,0,0,2,1,SR-SP,
347580,22/03/2021,segunda-feira,11:30:00,SP,BRAGANCA PAULISTA,Velocidade Incompatível,Colisão traseira,Sem Vítimas,Pleno dia,Decrescente,Céu Claro,Dupla,Reta,2,0,2,0,2,SR-SP,
347587,22/03/2021,segunda-feira,12:00:00,SP,SAO PAULO,Manobra de mudança de faixa,Colisão com objeto,Com Vítimas Feridas,Pleno dia,Crescente,Céu Claro,Dupla,Curva,1,0,0,1,1,SR-SP,
347653,22/03/2021,segunda-feira,18:00:00,SP,GUARULHOS,Ausência de reação do condutor,Colisão lateral mesmo sentido,Com Vítimas Feridas,Anoitecer,Decrescente,Nublado,Múltipla,Reta,2,0,1,1,2,SR-SP,
347657,22/03/2021,segunda-feira,12:25:00,SP,CAJATI,Reação tardia ou ineficiente do condutor,Tombamento,Sem Vítimas,Pleno dia,Crescente,Céu Claro,Simples,Reta,1,0,1,0,1,SR-SP,
347660,25/01/2021,segunda-feira,12:45:00,SP,UBATUBA,Retorno proibido,Colisão traseira,Com Vítimas Feridas,Pleno dia,Crescente,Céu Claro,Simples,Reta,2,0,1,1,2,SR-SP,
347663,07/02/2021,domingo,08:40:00,SP,UBATUBA,Reação tardia ou ineficiente do condutor,Colisão traseira,Com Vítimas Feridas,Pleno dia,Decrescente,Céu Claro,Simples,Reta,2,0,1,1,2,SR-SP,7
347665,22/03/2021,segunda-feira,20:50:00,SP,BADY BASSITT,Estacionar ou parar em local proibido,Colisão com objeto,Com Vítimas Feridas,Plena Noite,Decrescente,Céu Claro,Dupla,Não Informado,3,0,0,3,2,SR-SP,
347693,23/03/2021,terça-feira,05:25:00,SP,SAO JOSE DO RIO PRETO,Acumulo de óleo sobre o pavimento,Tombamento,Com Vítimas Feridas,Amanhecer,Crescente,Céu Claro,Simples,Desvio Temporário,2,0,0,2,1,SR-SP,
347694,23/03/2021,terça-feira,05:30:00,SP,SAO JOSE DO RIO PRETO,Pista Escorregadia,Tombamento,Com Vítimas Feridas,Amanhecer,Crescente,Céu Claro,Dupla,Não Informado,1,0,0,1,1,SR-SP,
347696,23/03/2021,terça-feira,05:20:00,SP,SAO JOSE DO RIO PRETO,Acumulo de óleo sobre o pavimento,Colisão com objeto,Sem Vítimas,Amanhecer,Crescente,Céu Claro,Simples,Curva,2,0,2,0,1,SR-SP,
347698,23/03/2021,terça-feira,04:00:00,SP,MIRACATU,Velocidade Incompatível,Tombamento,Com Vítimas Feridas,Plena Noite,Decrescente,Céu Claro,Dupla,Curva,1,0,0,1,1,SR-SP,
347757,23/03/2021,terça-feira,14:20:00,SP,GUARULHOS,Avarias e/ou desgaste excessivo no pneu,Tombamento,Com Vítimas Feridas,Pleno dia,Decrescente,Céu Claro,Múltipla,Reta,2,0,1,1,1,SR-SP,
347773,23/03/2021,terça-feira,15:10:00,SP,JUQUITIBA,Acessar a via sem observar a presença dos outros veículos,Colisão lateral mesmo sentido,Sem Vítimas,Pleno dia,Decrescente,Sol,Dupla,Reta,4,0,3,0,4,SR-SP,
347822,23/03/2021,terça-feira,19:30:00,SP,UBATUBA,Trafegar com motocicleta (ou similar) entre as faixas,Colisão transversal,Com Vítimas Feridas,Plena Noite,Crescente,Céu Claro,Simples,Reta,4,0,1,2,2,SR-SP,
347836,23/03/2021,terça-feira,22:00:00,SP,BARRA DO TURVO,Carga excessiva e/ou mal acondicionada,Derramamento de carga,Sem Vítimas,Plena Noite,Decrescente,Garoa/Chuvisco,Dupla,Curva,1,0,1,0,1,SR-SP,
347863,24/03/2021,quarta-feira,06:00:00,SP,CAJATI,Ausência de reação do condutor,Colisão com objeto,Com Vítimas Feridas,Amanhecer,Crescente,Nevoeiro/Neblina,Simples,Curva,1,0,0,1,1,SR-SP,
347908,24/03/2021,quarta-feira,12:10:00,SP,SAO LOURENCO DA SERRA,Velocidade Incompatível,Tombamento,Com Vítimas Feridas,Pleno dia,Crescente,Céu Claro,Dupla,Curva,2,0,0,2,1,SR-SP,
347955,24/03/2021,quarta-feira,16:15:00,SP,SAO JOSE DOS CAMPOS,Velocidade Incompatível,Colisão traseira,Com Vítimas Feridas,Pleno dia,Decrescente,Céu Claro,Dupla,Reta,2,0,1,1,2,SR-SP,
347964,24/03/2021,quarta-feira,19:00:00,SP,GUARAREMA,Condutor deixou de manter distância do veículo da frente,Colisão traseira,Sem Vítimas,Plena Noite,Decrescente,Céu Claro,Dupla,Reta,3,0,2,0,2,SR-SP,
347971,24/03/2021,quarta-feira,19:00:00,SP,GUARATINGUETA,Pedestre andava na pista,Atropelamento de Pedestre,Com Vítimas Fatais,Plena Noite,Decrescente,Céu Claro,Dupla,Desvio Temporário,4,1,3,0,3,SR-SP,
347976,24/03/2021,quarta-feira,20:15:00,SP,JUQUITIBA,Iluminação deficiente,Colisão frontal,Com Vítimas Feridas,Plena Noite,Crescente,Céu Claro,Dupla,Desvio Temporário,2,0,0,2,2,SR-SP,
347977,24/03/2021,quarta-feira,19:30:00,SP,TAUBATE,Objeto estático sobre o leito carroçável,Colisão traseira,Com Vítimas Feridas,Plena Noite,Decrescente,Céu Claro,Dupla,Reta,2,0,1,1,2,SR-SP,
347979,24/03/2021,quarta-feira,20:58:00,SP,GUARULHOS,Manobra de mudança de faixa,Colisão lateral mesmo sentido,Com Vítimas Feridas,Plena Noite,Crescente,Nublado,Dupla,Reta,5,0,3,2,3,SR-SP,
348030,25/03/2021,quinta-feira,08:05:00,SP,GUARULHOS,Trafegar com motocicleta (ou similar) entre as faixas,Colisão lateral mesmo sentido,Com Vítimas Feridas,Pleno dia,Decrescente,Céu Claro,Múltipla,Reta,2,0,1,1,2,SR-SP,
348033,25/03/2021,quinta-feira,08:00:00,SP,GUARATINGUETA,Desrespeitar a preferência no cruzamento,Colisão transversal,Com Vítimas Feridas,Pleno dia,Decrescente,Sol,Simples,Rotatória,2,0,1,1,2,SR-SP,
348035,25/03/2021,quinta-feira,08:45:00,SP,GUARULHOS,Condutor deixou de manter distância do veículo da frente,Engavetamento,Sem Vítimas,Pleno dia,Decrescente,Sol,Múltipla,Reta,3,0,3,0,3,SR-SP,
348054,25/03/2021,quinta-feira,10:55:00,SP,GETULINA,Velocidade Incompatível,Colisão traseira,Com Vítimas Feridas,Pleno dia,Crescente,Céu Claro,Simples,Reta,5,0,2,3,3,SR-SP,
348057,25/03/2021,quinta-feira,11:00:00,SP,GUARULHOS,Condutor deixou de manter distância do veículo da frente,Colisão traseira,Com Vítimas Feridas,Pleno dia,Decrescente,Céu Claro,Múltipla,Reta,7,0,6,1,5,SR-SP,
348061,25/03/2021,quinta-feira,11:25:00,SP,GUARULHOS,Ausência de reação do condutor,Colisão traseira,Com Vítimas Feridas,Pleno dia,Decrescente,Céu Claro,Dupla,Não Informado,2,0,1,1,2,SR-SP,
348079,25/03/2021,quinta-feira,13:00:00,SP,UBATUBA,Velocidade Incompatível,Colisão transversal,Com Vítimas Feridas,Pleno dia,Crescente,Céu Claro,Simples,Reta,2,0,1,1,2,SR-SP,
348089,25/03/2021,quinta-feira,11:00:00,SP,MIRACATU,Ausência de reação do condutor,Tombamento,Sem Vítimas,Pleno dia,Decrescente,Sol,Dupla,Não Informado,1,0,1,0,1,SR-SP,
348103,25/03/2021,quinta-feira,16:44:00,SP,UBARANA,Acessar a via sem observar a presença dos outros veículos,Colisão transversal,Com Vítimas Feridas,Pleno dia,Crescente,Sol,Simples,Interseção de vias,6,0,1,5,3,SR-SP,
348117,25/03/2021,quinta-feira,18:50:00,SP,SAO JOSE DO RIO PRETO,Acumulo de areia ou detritos sobre o pavimento,Tombamento,Com Vítimas Feridas,Pleno dia,Decrescente,Nublado,Dupla,Não Informado,1,0,0,1,1,SR-SP,
348128,25/03/2021,quinta-feira,15:30:00,SP,MIRACATU,Demais falhas mecânicas ou elétricas,Incêndio,Sem Vítimas,Pleno dia,Decrescente,Céu Claro,Dupla,Reta,1,0,1,0,1,SR-SP,
348157,25/03/2021,quinta-feira,21:50:00,SP,SAO JOSE DOS CAMPOS,Condutor deixou de manter distância do veículo da frente,Tombamento,Com Vítimas Feridas,Plena Noite,Crescente,Céu Claro,Dupla,Desvio Temporário,1,0,0,1,1,SR-SP,
348158,25/03/2021,quinta-feira,22:05:00,SP,MAIRIPORA,Condutor deixou de manter distância do veículo da frente,Colisão traseira,Com Vítimas Feridas,Plena Noite,Crescente,Céu Claro,Dupla,Reta,2,0,1,1,2,SR-SP,
348189,26/03/2021,sexta-feira,04:20:00,SP,ROSEIRA,Reação tardia ou ineficiente do condutor,Colisão traseira,Com Vítimas Feridas,Plena Noite,Crescente,Céu Claro,Dupla,Reta,3,0,1,1,2,SR-SP,
348190,26/03/2021,sexta-feira,04:30:00,SP,SAO PAULO,Ingestão de álcool pelo condutor,Colisão com objeto,Com Vítimas Feridas,Plena Noite,Decrescente,Céu Claro,Múltipla,Reta,1,0,0,1,1,SR-SP,
348204,26/03/2021,sexta-feira,07:15:00,SP,MIRACATU,Condutor Dormindo,Colisão frontal,Com Vítimas Feridas,Pleno dia,Crescente,Céu Claro,Simples,Retorno Regulamentado,2,0,1,1,2,SR-SP,
348235,26/03/2021,sexta-feira,10:10:00,SP,BARRA DO TURVO,Entrada inopinada do pedestre,Atropelamento de Pedestre,Com Vítimas Feridas,Pleno dia,Decrescente,Céu Claro,Dupla,Curva,2,0,1,1,1,SR-SP,
348257,26/03/2021,sexta-feira,12:00:00,SP,GUARATINGUETA,Acessar a via sem observar a presença dos outros veículos,Queda de ocupante de veículo,Sem Vítimas,Pleno dia,Crescente,Céu Claro,Simples,Reta,1,0,1,0,1,SR-SP,
348274,26/03/2021,sexta-feira,12:30:00,SP,EMBU DAS ARTES,Condutor deixou de manter distância do veículo da frente,Colisão traseira,Com Vítimas Feridas,Pleno dia,Crescente,Céu Claro,Dupla,Reta,2,0,1,1,2,SR-SP,
348295,26/03/2021,sexta-feira,16:55:00,SP,GUARULHOS,Condutor deixou de manter distância do veículo da frente,Colisão lateral mesmo sentido,Com Vítimas Feridas,Pleno dia,Crescente,Chuva,Simples,Reta,2,0,1,1,2,SR-SP,
348307,26/03/2021,sexta-feira,17:30:00,SP,EMBU DAS ARTES,Pedestre cruzava a pista fora da faixa,Atropelamento de Pedestre,Com Vítimas Feridas,Pleno dia,Crescente,Céu Claro,Múltipla,Reta,2,0,1,1,1,SR-SP,
348325,26/03/2021,sexta-feira,19:20:00,SP,GUARULHOS,Reação tardia ou ineficiente do condutor,Engavetamento,Com Vítimas Feridas,Plena Noite,Decrescente,Nublado,Dupla,Reta,5,0,4,1,3,SR-SP,
348340,26/03/2021,sexta-feira,20:30:00,SP,SAO LOURENCO DA SERRA,Transitar no acostamento,Atropelamento de Pedestre,Com Vítimas Fatais,Plena Noite,Crescente,Céu Claro,Dupla,Reta,2,1,1,0,1,SR-SP,
348344,26/03/2021,sexta-feira,18:40:00,SP,MAIRIPORA,Reação tardia ou ineficiente do condutor,Colisão traseira,Com Vítimas Feridas,Plena Noite,Decrescente,Céu Claro,Dupla,Reta,2,0,0,1,2,SR-SP,
348370,26/03/2021,sexta-feira,20:00:00,SP,REGISTRO,Acessar a via sem observar a presença dos outros veículos,Colisão transversal,Sem Vítimas,Plena Noite,Decrescente,Garoa/Chuvisco,Dupla,Reta,2,0,2,0,2,SR-SP,
348384,27/03/2021,sábado,02:30:00,SP,REGISTRO,Animais na Pista,Atropelamento de Animal,Com Vítimas Feridas,Plena Noite,Crescente,Céu Claro,Dupla,Reta,2,0,1,1,1,SR-SP,
348394,27/03/2021,sábado,06:30:00,SP,UBATUBA,Ingestão de álcool pelo condutor,Colisão com objeto,Com Vítimas Feridas,Pleno dia,Crescente,Céu Claro,Simples,Rotatória,1,0,0,1,1,SR-SP,
348398,27/03/2021,sábado,06:50:00,SP,SAO JOSE DOS CAMPOS,Pista Escorregadia,Tombamento,Com Vítimas Feridas,Pleno dia,Crescente,Céu Claro,Múltipla,Retorno Regulamentado,1,0,0,1,1,SR-SP,
348411,27/03/2021,sábado,08:25:00,SP,REGISTRO,Demais falhas mecânicas ou elétricas,Colisão com objeto,Com Vítimas Feridas,Pleno dia,Crescente,Céu Claro,Dupla,Reta,2,0,1,1,1,SR-SP,
348418,27/03/2021,sábado,10:30:00,SP,ITAPECERICA DA SERRA,Animais na Pista,Atropelamento de Animal,Com Vítimas Feridas,Pleno dia,Decrescente,Céu Claro,Dupla,Curva,1,0,0,1,1,SR-SP,
348469,27/03/2021,sábado,15:45:00,SP,SAO PAULO,Ausência de reação do condutor,Colisão traseira,Com Vítimas Feridas,Pleno dia,Decrescente,Céu Claro,Múltipla,Reta,4,0,2,2,2,SR-SP,
348477,27/03/2021,sábado,17:00:00,SP,QUELUZ,Velocidade Incompatível,Saída de leito carroçável,Com Vítimas Feridas,Pleno dia,Crescente,Chuva,Dupla,Não Informado,1,0,0,1,1,SR-SP,
348485,27/03/2021,sábado,18:00:00,SP,TABOAO DA SERRA,Velocidade Incompatível,Colisão traseira,Com Vítimas Feridas,Anoitecer,Crescente,Céu Claro,Dupla,Curva,3,0,1,1,3,SR-SP,
348502,27/03/2021,sábado,18:40:00,SP,SAO PAULO,Velocidade Incompatível,Saída de leito carroçável,Com Vítimas Feridas,Anoitecer,Crescente,Céu Claro,Dupla,Curva,1,0,0,1,1,SR-SP,
348516,27/03/2021,sábado,19:45:00,SP,SAO JOSE DO RIO PRETO,Reação tardia ou ineficiente do condutor,Tombamento,Com Vítimas Feridas,Plena Noite,Crescente,Ignorado,Dupla,Reta,3,0,2,1,3,SR-SP,
348540,27/03/2021,sábado,22:15:00,SP,SAO JOSE DOS CAMPOS,Pedestre andava na pista,Atropelamento de Pedestre,Com Vítimas Feridas,Plena Noite,Decrescente,Céu Claro,Dupla,Reta,2,0,0,2,2,SR-SP,
348613,28/03/2021,domingo,11:45:00,SP,CAJATI,Problema com o freio,Incêndio,Sem Vítimas,Pleno dia,Decrescente,Céu Claro,Simples,Não Informado,1,0,1,0,1,SR-SP,
348619,28/03/2021,domingo,12:37:00,SP,CAJATI,Reação tardia ou ineficiente do condutor,Colisão lateral mesmo sentido,Com Vítimas Feridas,Pleno dia,Decrescente,Céu Claro,Simples,Reta,3,0,2,1,3,SR-SP,
348621,28/03/2021,domingo,12:40:00,SP,GUARULHOS,Velocidade Incompatível,Queda de ocupante de veículo,Com Vítimas Feridas,Pleno dia,Crescente,Nublado,Múltipla,Reta,2,0,0,1,2,SR-SP,
348640,28/03/2021,domingo,16:22:00,SP,GUARULHOS,Ausência de reação do condutor,Colisão com objeto,Com Vítimas Feridas,Pleno dia,Decrescente,Nublado,Múltipla,Desvio Temporário,1,0,0,1,1,SR-SP,
348643,28/03/2021,domingo,15:30:00,SP,MIRACATU,Demais falhas mecânicas ou elétricas,Incêndio,Sem Vítimas,Pleno dia,Decrescente,Céu Claro,Dupla,Curva,2,0,2,0,1,SR-SP,
348695,28/03/2021,domingo,20:00:00,SP,PROMISSAO,Transitar na contramão,Colisão frontal,Com Vítimas Fatais,Plena Noite,Decrescente,Céu Claro,Simples,Reta,2,1,1,0,2,SR-SP,
348713,28/03/2021,domingo,22:05:00,SP,GUARULHOS,Velocidade Incompatível,Capotamento,Com Vítimas Feridas,Plena Noite,Decrescente,Nublado,Múltipla,Reta,3,0,0,3,1,SR-SP,
348728,28/03/2021,domingo,19:40:00,SP,MIRACATU,Reação tardia ou ineficiente do condutor,Tombamento,Sem Vítimas,Plena Noite,Crescente,Céu Claro,Dupla,Não Informado,1,0,1,0,1,SR-SP,
348746,29/03/2021,segunda-feira,03:10:00,SP,MAIRIPORA,Condutor Dormindo,Colisão traseira,Com Vítimas Feridas,Plena Noite,Crescente,Céu Claro,Múltipla,Reta,3,0,0,2,2,SR-SP,
348747,29/03/2021,segunda-feira,03:40:00,SP,MAIRIPORA,Demais falhas mecânicas ou elétricas,Tombamento,Com Vítimas Feridas,Plena Noite,Crescente,Céu Claro,Dupla,Curva,1,0,0,1,1,SR-SP,
348785,05/03/2021,sexta-feira,21:45:00,SP,SAO LOURENCO DA SERRA,Chuva,Colisão com objeto,Sem Vítimas,Plena Noite,Crescente,Chuva,Dupla,Não Informado,1,0,1,0,1,SR-SP,5
348802,29/03/2021,segunda-feira,03:35:00,SP,GUARULHOS,Ausência de reação do condutor,Colisão com objeto,Sem Vítimas,Plena Noite,Decrescente,Nublado,Múltipla,Reta,1,0,0,0,1,SR-SP,
348871,29/03/2021,segunda-feira,19:00:00,SP,CAJATI,Ausência de reação do condutor,Colisão traseira,Com Vítimas Fatais,Plena Noite,Decrescente,Nublado,Dupla,Reta,2,1,1,0,2,SR-SP,
348880,06/02/2021,sábado,02:40:00,SP,PROMISSAO,Animais na Pista,Atropelamento de Animal,Com Vítimas Feridas,Plena Noite,Crescente,Céu Claro,Simples,Reta,1,0,0,1,1,SR-SP,6
348889,29/03/2021,segunda-feira,21:20:00,SP,ITAPECERICA DA SERRA,Reação tardia ou ineficiente do condutor,Saída de leito carroçável,Com Vítimas Feridas,Plena Noite,Decrescente,Nublado,Dupla,Reta,3,0,0,3,1,SR-SP,
348916,30/03/2021,terça-feira,01:00:00,SP,MIRACATU,Demais falhas mecânicas ou elétricas,Incêndio,Sem Vítimas,Plena Noite,Crescente,Céu Claro,Dupla,Reta,2,0,2,0,1,SR-SP,
348922,30/03/2021,terça-feira,04:50:00,SP,MIRACATU,Velocidade Incompatível,Tombamento,Sem Vítimas,Amanhecer,Decrescente,Céu Claro,Dupla,Curva,1,0,1,0,1,SR-SP,
348988,30/03/2021,terça-feira,12:50:00,SP,SAO JOSE DO RIO PRETO,Demais falhas mecânicas ou elétricas,Incêndio,Sem Vítimas,Pleno dia,Crescente,Sol,Simples,Reta,2,0,2,0,1,SR-SP,
348996,30/03/2021,terça-feira,14:10:00,SP,GUARATINGUETA,Chuva,Colisão transversal,Com Vítimas Feridas,Pleno dia,Crescente,Chuva,Dupla,Reta,3,0,1,2,3,SR-SP,
349029,30/03/2021,terça-feira,16:15:00,SP,CAJATI,Acumulo de areia ou detritos sobre o pavimento,Capotamento,Sem Vítimas,Pleno dia,Decrescente,Chuva,Dupla,Curva,1,0,1,0,1,SR-SP,
349035,30/03/2021,terça-feira,16:40:00,SP,OCAUCU,Demais falhas mecânicas ou elétricas,Colisão lateral mesmo sentido,Sem Vítimas,Pleno dia,Crescente,Céu Claro,Simples,Não Informado,25,0,23,0,3,SR-SP,
349052,30/03/2021,terça-feira,18:00:00,SP,GUARULHOS,Pista Escorregadia,Colisão com objeto,Com Vítimas Feridas,Anoitecer,Crescente,Chuva,Dupla,Reta,3,0,0,2,1,SR-SP,
349057,30/03/2021,terça-feira,17:40:00,SP,SAO JOSE DOS CAMPOS,Condutor deixou de manter distância do veículo da frente,Colisão traseira,Com Vítimas Feridas,Anoitecer,Decrescente,Chuva,Múltipla,Reta,5,0,3,2,2,SR-SP,
349061,30/03/2021,terça-feira,19:20:00,SP,SAO JOSE DO RIO PRETO,Demais falhas na via,Colisão com objeto,Com Vítimas Feridas,Plena Noite,Decrescente,Céu Claro,Dupla,Curva,1,0,0,1,1,SR-SP,
349071,30/03/2021,terça-feira,19:50:00,SP,UBATUBA,Ausência de reação do condutor,Engavetamento,Com Vítimas Feridas,Plena Noite,Crescente,Chuva,Simples,Rotatória,4,0,3,1,3,SR-SP,
349090,24/02/2021,quarta-feira,23:00:00,SP,CAJATI,Pista Escorregadia,Colisão traseira,Com Vítimas Feridas,Plena Noite,Decrescente,Chuva,Dupla,Curva,2,0,1,1,2,SR-SP,
349109,30/03/2021,terça-feira,19:50:00,SP,REGISTRO,Ausência de reação do condutor,Colisão traseira,Sem Vítimas,Plena Noite,Decrescente,Céu Claro,Dupla,Retorno Regulamentado,2,0,2,0,2,SR-SP,
349230,31/03/2021,quarta-feira,19:30:00,SP,SAO JOSE DO RIO PRETO,Obras na pista,Tombamento,Com Vítimas Feridas,Plena Noite,Crescente,Céu Claro,Dupla,Reta,1,0,0,1,1,SR-SP,
349323,01/04/2021,quinta-feira,09:45:00,SP,CANAS,Demais falhas mecânicas ou elétricas,Colisão com objeto,Com Vítimas Feridas,Pleno dia,Crescente,Céu Claro,Dupla,Reta,2,0,1,1,2,SR-SP,1
349329,01/04/2021,quinta-feira,09:15:00,SP,CAJATI,Velocidade Incompatível,Tombamento,Com Vítimas Feridas,Pleno dia,Crescente,Céu Claro,Simples,Curva,2,0,1,1,2,SR-SP,1
349386,01/04/2021,quinta-feira,15:50:00,SP,TAUBATE,Condutor deixou de manter distância do veículo da frente,Colisão traseira,Sem Vítimas,Pleno dia,Decrescente,Céu Claro,Dupla,Reta,2,0,2,0,2,SR-SP,1
349420,01/04/2021,quinta-feira,13:30:00,SP,BARRA DO TURVO,Mal súbito do condutor,Colisão traseira,Com Vítimas Feridas,Pleno dia,Decrescente,Céu Claro,Simples,Reta,4,0,3,1,2,SR-SP,1