ID,DATA,DIA_SEMANA,HORARIO,ESTADO,MUNICIPIO,CAUSA_ACIDENTE,TIPO_ACIDENTE,CLASSIFICACAO_ACIDENTE,FASE_DIA,SENTIDO_VIA,CONDICAO_METEREOLOGICA,TIPO_PISTA,TRACADO_VIA,PESSOAS,MORTOS,ILESOS,FERIDOS,VEICULOS,REGIONAL,MES
353986,26/04/2021,segunda-feira,09:10:00,SP,JACAREI,Acessar a via sem observar a presença dos outros veículos,Colisão transversal,Com Vítimas Feridas,Pleno dia,Decrescente,Céu Claro,Simples,Curva,3,0,2,1,2,SR-SP,
354040,26/04/2021,segunda-feira,15:45:00,SP,GUARULHOS,Ausência de reação do condutor,Queda de ocupante de veículo,Com Vítimas Feridas,Pleno dia,Decrescente,Céu Claro,Simples,Curva,1,0,0,1,1,SR-SP,
354069,21/04/2021,quarta-feira,12:00:00,SP,JUQUIA,Pista Escorregadia,Eventos atípicos,Sem Vítimas,Pleno dia,Decrescente,Nublado,Dupla,Curva,4,0,4,0,1,SR-SP,
354091,26/04/2021,segunda-feira,19:00:00,SP,EMBU DAS ARTES,Condutor deixou de manter distância do veículo da frente,Colisão lateral mesmo sentido,Com Vítimas Feridas,Plena Noite,Decrescente,Nublado,Dupla,Reta,2,0,0,1,2,SR-SP,
354099,26/04/2021,segunda-feira,21:00:00,SP,SAO LOURENCO DA SERRA,Demais falhas mecânicas ou elétricas,Incêndio,Sem Vítimas,Plena Noite,Decrescente,Céu Claro,Dupla,Reta,2,0,2,0,1,SR-SP,
354106,26/04/2021,segunda-feira,21:50:00,SP,SAO PAULO,Acessar a via sem observar a presença dos outros veículos,Tombamento,Com Vítimas Feridas,Plena Noite,Decrescente,Nublado,Múltipla,Reta,2,0,1,1,2,SR-SP,
354127,27/04/2021,terça-feira,04:40:00,SP,ATIBAIA,Ausência de reação do condutor,Colisão com objeto,Sem Vítimas,Plena Noite,Crescente,Céu Claro,Dupla,Reta,1,0,1,0,1,SR-SP,
354132,27/04/2021,terça-feira,06:30:00,SP,GUARULHOS,Reação tardia ou ineficiente do condutor,Tombamento,Com Vítimas Feridas,Pleno dia,Crescente,Nublado,Dupla,Reta,1,0,0,1,1,SR-SP,
354135,27/04/2021,terça-feira,07:30:00,SP,ATIBAIA,Ausência de reação do condutor,Colisão com objeto,Sem Vítimas,Pleno dia,Crescente,Céu Claro,Dupla,Reta,1,0,1,0,1,SR-SP,
354143,27/04/2021,terça-feira,06:15:00,SP,CAJATI,Problema com o freio,Incêndio,Sem Vítimas,Amanhecer,Decrescente,Nublado,Dupla,Reta,2,0,2,0,1,SR-SP,
354193,27/04/2021,terça-feira,12:30:00,SP,GUARULHOS,Condutor deixou de manter distância do veículo da frente,Colisão traseira,Com Vítimas Feridas,Pleno dia,Decrescente,Céu Claro,Múltipla,Reta,2,0,1,1,2,SR-SP,
354197,27/04/2021,terça-feira,13:15:00,SP,SAO PAULO,Velocidade Incompatível,Tombamento,Sem Vítimas,Pleno dia,Crescente,Sol,Múltipla,Curva,1,0,1,0,1,SR-SP,
354208,27/04/2021,terça-feira,15:00:00,SP,EMBU DAS ARTES,Manobra de mudança de faixa,Colisão lateral mesmo sentido,Com Vítimas Feridas,Pleno dia,Crescente,Nublado,Dupla,Reta,2,0,0,1,2,SR-SP,
354243,27/04/2021,terça-feira,17:40:00,SP,REGISTRO,Acumulo de areia ou detritos sobre o pavimento,Queda de ocupante de veículo,Com Vítimas Feridas,Anoitecer,Crescente,Céu Claro,Múltipla,Reta,1,0,0,1,1,SR-SP,
354273,27/04/2021,terça-feira,22:30:00,SP,PINDAMONHANGABA,Entrada inopinada do pedestre,Atropelamento de Pedestre,Com Vítimas Fatais,Plena Noite,Crescente,Céu Claro,Dupla,Reta,2,1,1,0,1,SR-SP,
354275,27/04/2021,terça-feira,23:30:00,SP,MAIRIPORA,Velocidade Incompatível,Tombamento,Com Vítimas Feridas,Plena Noite,Decrescente,Nublado,Dupla,Curva,2,0,1,1,2,SR-SP,
354277,27/04/2021,terça-feira,23:25:00,SP,CAJATI,Manobra de mudança de faixa,Colisão traseira,Com Vítimas Feridas,Plena Noite,Decrescente,Nevoeiro/Neblina,Dupla,Reta,2,0,0,1,2,SR-SP,
354297,28/04/2021,quarta-feira,07:05:00,SP,SAO JOSE DO RIO PRETO,Condutor deixou de manter distância do veículo da frente,Colisão traseira,Com Vítimas Feridas,Amanhecer,Crescente,Céu Claro,Dupla,Reta,2,0,1,1,2,SR-SP,
354343,28/04/2021,quarta-feira,11:50:00,SP,GUARULHOS,Ausência de reação do condutor,Tombamento,Com Vítimas Feridas,Pleno dia,Decrescente,Sol,Múltipla,Reta,1,0,0,1,1,SR-SP,
354349,19/03/2021,sexta-feira,01:00:00,SP,MIRACATU,Velocidade Incompatível,Colisão traseira,Com Vítimas Feridas,Plena Noite,Crescente,Nublado,Simples,Curva,3,0,2,1,3,SR-SP,
354368,28/04/2021,quarta-feira,05:55:00,SP,MIRACATU,Mal súbito do condutor,Saída de leito carroçável,Com Vítimas Feridas,Amanhecer,Decrescente,Céu Claro,Dupla,Não Informado,1,0,0,1,1,SR-SP,
354386,28/04/2021,quarta-feira,16:30:00,SP,PINDAMONHANGABA,Condutor deixou de manter distância do veículo da frente,Colisão traseira,Com Vítimas Feridas,Pleno dia,Decrescente,Sol,Dupla,Reta,3,0,2,1,3,SR-SP,
354415,28/04/2021,quarta-feira,19:15:00,SP,SAO PAULO,Reação tardia ou ineficiente do condutor,Tombamento,Com Vítimas Feridas,Plena Noite,Crescente,Céu Claro,Dupla,Reta,1,0,0,1,1,SR-SP,
354436,28/04/2021,quarta-feira,21:50:00,SP,TAUBATE,Ausência de reação do condutor,Colisão com objeto,Com Vítimas Feridas,Plena Noite,Decrescente,Céu Claro,Múltipla,Retorno Regulamentado,1,0,0,1,1,SR-SP,
354444,28/03/2021,domingo,02:00:00,SP,APARECIDA,Ausência de reação do condutor,Saída de leito carroçável,Sem Vítimas,Plena Noite,Decrescente,Céu Claro,Dupla,Rotatória,1,0,1,0,1,SR-SP,
354445,29/04/2021,quinta-feira,02:20:00,SP,SAO JOSE DOS CAMPOS,Condutor Dormindo,Tombamento,Sem Vítimas,Plena Noite,Decrescente,Céu Claro,Múltipla,Reta,1,0,1,0,1,SR-SP,
354448,29/04/2021,quinta-feira,02:15:00,SP,MIRACATU,Demais falhas mecânicas ou elétricas,Saída de leito carroçável,Com Vítimas Feridas,Plena Noite,Crescente,Garoa/Chuvisco,Dupla,Reta,1,0,0,1,1,SR-SP,
354467,29/04/2021,quinta-feira,06:55:00,SP,GUARATINGUETA,Ausência de reação do condutor,Colisão lateral mesmo sentido,Com Vítimas Feridas,Pleno dia,Decrescente,Nublado,Dupla,Curva,3,0,2,1,2,SR-SP,
354474,29/04/2021,quinta-feira,07:30:00,SP,GUARULHOS,Condutor deixou de manter distância do veículo da frente,Colisão traseira,Com Vítimas Feridas,Pleno dia,Crescente,Nublado,Múltipla,Não Informado,2,0,1,1,2,SR-SP,
354502,29/04/2021,quinta-feira,10:54:00,SP,MIRACATU,Velocidade Incompatível,Tombamento,Com Vítimas Feridas,Pleno dia,Decrescente,Céu Claro,Dupla,Curva,2,0,1,1,2,SR-SP,
354509,22/03/2021,segunda-feira,10:30:00,SP,UBATUBA,Conversão proibida,Colisão transversal,Com Vítimas Feridas,Pleno dia,Crescente,Céu Claro,Simples,Reta,3,0,2,1,2,SR-SP,
354513,29/04/2021,quinta-feira,11:31:00,SP,GUARULHOS,Condutor deixou de manter distância do veículo da frente,Colisão traseira,Com Vítimas Feridas,Pleno dia,Decrescente,Céu Claro,Múltipla,Não Informado,4,0,3,1,3,SR-SP,
354515,29/04/2021,quinta-feira,12:25:00,SP,GUARULHOS,Condutor deixou de manter distância do veículo da frente,Colisão traseira,Com Vítimas Feridas,Pleno dia,Crescente,Nublado,Múltipla,Reta,3,0,1,1,2,SR-SP,
354534,29/04/2021,quinta-feira,14:40:00,SP,CAJATI,Ausência de reação do condutor,Tombamento,Com Vítimas Feridas,Pleno dia,Crescente,Garoa/Chuvisco,Simples,Curva,1,0,0,1,1,SR-SP,
354539,01/03/2021,segunda-feira,07:50:00,SP,MAIRIPORA,Condutor deixou de manter distância do veículo da frente,Engavetamento,Com Vítimas Feridas,Pleno dia,Crescente,Sol,Dupla,Reta,8,0,7,1,4,SR-SP,1
354549,29/04/2021,quinta-feira,16:45:00,SP,CANAS,Reação tardia ou ineficiente do condutor,Saída de leito carroçável,Com Vítimas Feridas,Pleno dia,Decrescente,Nublado,Dupla,Reta,1,0,0,1,1,SR-SP,
354560,29/04/2021,quinta-feira,17:45:00,SP,ATIBAIA,Reação tardia ou ineficiente do condutor,Queda de ocupante de veículo,Com Vítimas Feridas,Anoitecer,Decrescente,Céu Claro,Dupla,Reta,1,0,0,1,1,SR-SP,
354561,29/04/2021,quinta-feira,18:00:00,SP,TAUBATE,Manobra de mudança de faixa,Colisão lateral mesmo sentido,Com Vítimas Feridas,Anoitecer,Crescente,Céu Claro,Dupla,Reta,2,0,1,1,2,SR-SP,
354580,29/04/2021,quinta-feira,19:00:00,SP,CACAPAVA,Condutor deixou de manter distância do veículo da frente,Colisão traseira,Com Vítimas Feridas,Plena Noite,Crescente,Céu Claro,Dupla,Reta,3,0,2,1,2,SR-SP,
354585,29/04/2021,quinta-feira,20:10:00,SP,ONDA VERDE,Velocidade Incompatível,Colisão traseira,Com Vítimas Feridas,Plena Noite,Crescente,Céu Claro,Simples,Reta,2,0,1,1,2,SR-SP,
354605,29/04/2021,quinta-feira,23:00:00,SP,SAO JOSE DO RIO PRETO,Obras na pista,Colisão lateral mesmo sentido,Sem Vítimas,Plena Noite,Crescente,Céu Claro,Dupla,Não Informado,2,0,2,0,2,SR-SP,
354615,30/04/2021,sexta-feira,01:40:00,SP,CACHOEIRA PAULISTA,Acessar a via sem observar a presença dos outros veículos,Colisão traseira,Com Vítimas Feridas,Plena Noite,Crescente,Céu Claro,Dupla,Não Informado,2,0,1,1,2,SR-SP,
354616,30/04/2021,sexta-feira,00:30:00,SP,GUARATINGUETA,Ingestão de álcool pelo condutor,Colisão traseira,Com Vítimas Feridas,Plena Noite,Decrescente,Céu Claro,Dupla,Reta,3,0,2,1,2,SR-SP,
354635,30/04/2021,sexta-feira,06:25:00,SP,JUQUITIBA,Falta de elemento de contenção que evite a saída do leito carroçável,Saída de leito carroçável,Sem Vítimas,Amanhecer,Crescente,Nublado,Dupla,Reta,1,0,1,0,1,SR-SP,
354676,04/02/2021,quinta-feira,10:40:00,SP,TABOAO DA SERRA,Avarias e/ou desgaste excessivo no pneu,Tombamento,Com Vítimas Feridas,Pleno dia,Decrescente,Céu Claro,Múltipla,Reta,2,0,0,1,1,SR-SP,4
354688,30/04/2021,sexta-feira,11:15:00,SP,MIRACATU,Problema com o freio,Colisão traseira,Com Vítimas Feridas,Pleno dia,Crescente,Nublado,Dupla,Não Informado,3,0,1,2,3,SR-SP,
354692,21/03/2021,domingo,07:50:00,SP,LORENA,Ausência de reação do condutor,Colisão lateral sentido oposto,Com Vítimas Feridas,Pleno dia,Decrescente,Céu Claro,Simples,Ponte,1,0,0,1,1,SR-SP,
354695,30/04/2021,sexta-feira,07:55:00,SP,CACAPAVA,Reação tardia ou ineficiente do condutor,Colisão traseira,Com Vítimas Feridas,Pleno dia,Crescente,Nublado,Dupla,Reta,3,0,1,2,2,SR-SP,
354706,30/04/2021,sexta-feira,13:00:00,SP,SAO JOSE DOS CAMPOS,Manobra de mudança de faixa,Queda de ocupante de veículo,Com Vítimas Feridas,Pleno dia,Crescente,Nublado,Dupla,Curva,1,0,0,1,1,SR-SP,
354716,30/04/2021,sexta-feira,14:05:00,SP,MARILIA,Curva acentuada,Tombamento,Sem Vítimas,Pleno dia,Decrescente,Céu Claro,Dupla,Rotatória,1,0,1,0,1,SR-SP,
354743,30/04/2021,sexta-feira,16:00:00,SP,ATIBAIA,Ausência de reação do condutor,Colisão traseira,Com Vítimas Feridas,Pleno dia,Decrescente,Céu Claro,Dupla,Reta,2,0,1,1,2,SR-SP,
354770,30/04/2021,sexta-feira,18:10:00,SP,TAUBATE,Trafegar com motocicleta (ou similar) entre as faixas,Colisão lateral mesmo sentido,Com Vítimas Feridas,Plena Noite,Crescente,Céu Claro,Dupla,Reta,3,0,2,1,3,SR-SP,
354789,30/04/2021,sexta-feira,19:15:00,SP,SAO PAULO,Reação tardia ou ineficiente do condutor,Colisão traseira,Com Vítimas Feridas,Plena Noite,Crescente,Nublado,Múltipla,Reta,4,0,1,3,2,SR-SP,
354797,30/04/2021,sexta-feira,19:50:00,SP,EMBU DAS ARTES,Condutor deixou de manter distância do veículo da frente,Colisão traseira,Com Vítimas Feridas,Plena Noite,Crescente,Nublado,Dupla,Reta,3,0,2,1,3,SR-SP,
354811,30/04/2021,sexta-feira,19:30:00,SP,APARECIDA,Animais na Pista,Atropelamento de Animal,Sem Vítimas,Plena Noite,Decrescente,Céu Claro,Dupla,Reta,1,0,1,0,1,SR-SP,
354823,30/04/2021,sexta-feira,19:44:00,SP,MARILIA,Ingestão de álcool pelo condutor,Saída de leito carroçável,Sem Vítimas,Plena Noite,Decrescente,Céu Claro,Simples,Reta,1,0,0,0,1,SR-SP,
354832,30/04/2021,sexta-feira,21:10:00,SP,SAO LOURENCO DA SERRA,Demais falhas mecânicas ou elétricas,Colisão com objeto,Com Vítimas Feridas,Plena Noite,Crescente,Céu Claro,Dupla,Reta,2,0,1,1,2,SR-SP,
354845,30/04/2021,sexta-feira,22:44:00,SP,MARILIA,Ingestão de álcool pelo condutor,Colisão traseira,Sem Vítimas,Pleno dia,Decrescente,Céu Claro,Dupla,Reta,1,0,1,0,1,SR-SP,
354866,01/05/2021,sábado,01:30:00,SP,GUARULHOS,Velocidade Incompatível,Tombamento,Com Vítimas Feridas,Plena Noite,Decrescente,Ignorado,Dupla,Viaduto,1,0,0,1,1,SR-SP,1
354867,01/05/2021,sábado,01:40:00,SP,GUARATINGUETA,Ausência de reação do condutor,Colisão com objeto,Com Vítimas Feridas,Plena Noite,Decrescente,Céu Claro,Dupla,Reta,1,0,0,1,1,SR-SP,1
354882,01/05/2021,sábado,05:55:00,SP,ATIBAIA,Reação tardia ou ineficiente do condutor,Colisão com objeto,Com Vítimas Feridas,Amanhecer,Decrescente,Céu Claro,Dupla,Reta,2,0,0,2,1,SR-SP,1
354899,03/02/2021,quarta-feira,20:20:00,SP,SAO JOSE DO RIO PRETO,Manobra de mudança de faixa,Colisão lateral,Com Vítimas Feridas,Plena Noite,Decrescente,Nublado,Dupla,Reta,2,0,1,1,2,SR-SP,3
354936,18/02/2021,quinta-feira,21:40:00,SP,ATIBAIA,Reação tardia ou ineficiente do condutor,Colisão traseira,Com Vítimas Feridas,Plena Noite,Crescente,Nublado,Dupla,Reta,2,0,1,1,2,SR-SP,
354938,01/05/2021,sábado,12:15:00,SP,BARRA DO TURVO,Avarias e/ou desgaste excessivo no pneu,Tombamento,Com Vítimas Feridas,Pleno dia,Decrescente,Céu Claro,Dupla,Reta,2,0,1,1,1,SR-SP,1
354952,01/05/2021,sábado,13:15:00,SP,CAJATI,Curva acentuada,Saída de leito carroçável,Com Vítimas Feridas,Pleno dia,Decrescente,Nublado,Dupla,Curva,1,0,0,1,1,SR-SP,1
354979,01/05/2021,sábado,17:50:00,SP,UBATUBA,Ingestão de álcool pelo condutor,Colisão traseira,Com Vítimas Feridas,Anoitecer,Decrescente,Nublado,Simples,Interseção de vias,2,0,1,1,2,SR-SP,1
354987,01/05/2021,sábado,18:10:00,SP,GUARULHOS,Trafegar com motocicleta (ou similar) entre as faixas,Tombamento,Com Vítimas Feridas,Plena Noite,Crescente,Nublado,Dupla,Não Informado,1,0,0,1,1,SR-SP,1
354989,01/05/2021,sábado,18:00:00,SP,MAIRIPORA,Velocidade Incompatível,Colisão frontal,Com Vítimas Feridas,Anoitecer,Decrescente,Céu Claro,Dupla,Curva,3,0,0,3,2,SR-SP,1
355001,01/05/2021,sábado,18:15:00,SP,GUARULHOS,Frear bruscamente,Colisão traseira,Com Vítimas Feridas,Plena Noite,Decrescente,Céu Claro,Simples,Reta,1,0,0,1,1,SR-SP,1
355008,01/05/2021,sábado,19:00:00,SP,TABOAO DA SERRA,Manobra de mudança de faixa,Colisão traseira,Com Vítimas Feridas,Plena Noite,Crescente,Céu Claro,Dupla,Reta,1,0,0,1,1,SR-SP,1
355021,01/05/2021,sábado,19:10:00,SP,SAO JOSE DO RIO PRETO,Reação tardia ou ineficiente do condutor,Colisão traseira,Com Vítimas Feridas,Plena Noite,Crescente,Céu Claro,Dupla,Não Informado,2,0,1,1,2,SR-SP,1
355033,01/05/2021,sábado,19:45:00,SP,SAO JOSE DOS CAMPOS,Manobra de mudança de faixa,Saída de leito carroçável,Com Vítimas Feridas,Plena Noite,Decrescente,Céu Claro,Dupla,Desvio Temporário,2,0,1,1,1,SR-SP,1
355061,01/05/2021,sábado,21:15:00,SP,GUARULHOS,Ingestão de álcool pelo condutor,Colisão lateral mesmo sentido,Sem Vítimas,Plena Noite,Crescente,Céu Claro,Múltipla,Reta,7,0,7,0,3,SR-SP,1
355081,01/05/2021,sábado,23:30:00,SP,GUARULHOS,Condutor deixou de manter distância do veículo da frente,Colisão traseira,Com Vítimas Feridas,Plena Noite,Decrescente,Céu Claro,Múltipla,Reta,2,0,0,1,2,SR-SP,1
355102,02/05/2021,domingo,01:55:00,SP,UBARANA,Ausência de reação do condutor,Colisão lateral mesmo sentido,Com Vítimas Feridas,Plena Noite,Decrescente,Céu Claro,Simples,Reta,2,0,0,1,2,SR-SP,2
355111,02/05/2021,domingo,01:45:00,SP,BRAGANCA PAULISTA,Ingestão de álcool e/ou substâncias psicoativas pelo pedestre,Saída de leito carroçável,Sem Vítimas,Plena Noite,Crescente,Céu Claro,Simples,Curva,3,0,3,0,1,SR-SP,2
355119,02/05/2021,domingo,06:19:00,SP,LORENA,Ausência de reação do condutor,Colisão com objeto,Sem Vítimas,Amanhecer,Crescente,Céu Claro,Dupla,Reta,1,0,0,0,1,SR-SP,2
355137,04/02/2021,quinta-feira,15:50:00,SP,UBATUBA,Desrespeitar a preferência no cruzamento,Colisão transversal,Com Vítimas Feridas,Pleno dia,Decrescente,Sol,Simples,Rotatória,3,0,2,1,2,SR-SP,4
355144,02/05/2021,domingo,09:20:00,SP,GUARULHOS,Demais falhas mecânicas ou elétricas,Queda de ocupante de veículo,Com Vítimas Feridas,Pleno dia,Decrescente,Céu Claro,Múltipla,Reta,2,0,0,2,1,SR-SP,2
355168,02/05/2021,domingo,13:15:00,SP,JACAREI,Manobra de mudança de faixa,Tombamento,Com Vítimas Feridas,Pleno dia,Decrescente,Sol,Múltipla,Reta,1,0,0,1,1,SR-SP,2
355186,02/05/2021,domingo,15:10:00,SP,ATIBAIA,Velocidade Incompatível,Queda de ocupante de veículo,Com Vítimas Feridas,Pleno dia,Decrescente,Céu Claro,Dupla,Reta,2,0,0,2,1,SR-SP,2
355195,02/05/2021,domingo,16:00:00,SP,SAO JOSE DOS CAMPOS,Ausência de reação do condutor,Colisão traseira,Sem Vítimas,Pleno dia,Crescente,Céu Claro,Múltipla,Reta,2,0,2,0,2,SR-SP,2
355197,02/05/2021,domingo,15:45:00,SP,TAUBATE,Condutor deixou de manter distância do veículo da frente,Colisão traseira,Com Vítimas Feridas,Pleno dia,Crescente,Céu Claro,Dupla,Reta,2,0,0,2,1,SR-SP,2
355237,02/05/2021,domingo,18:50:00,SP,JACAREI,Avarias e/ou desgaste excessivo no pneu,Tombamento,Com Vítimas Feridas,Plena Noite,Decrescente,Céu Claro,Dupla,Reta,2,0,0,2,1,SR-SP,2
355238,02/05/2021,domingo,18:45:00,SP,JACAREI,Condutor deixou de manter distância do veículo da frente,Colisão traseira,Sem Vítimas,Plena Noite,Decrescente,Céu Claro,Dupla,Reta,2,0,2,0,2,SR-SP,2
355261,02/05/2021,domingo,19:10:00,SP,SAO JOSE DO RIO PRETO,Avarias e/ou desgaste excessivo no pneu,Tombamento,Com Vítimas Feridas,Plena Noite,Decrescente,Céu Claro,Simples,Reta,1,0,0,1,1,SR-SP,2
355275,02/05/2021,domingo,22:10:00,SP,MAIRIPORA,Condutor deixou de manter distância do veículo da frente,Colisão traseira,Sem Vítimas,Plena Noite,Decrescente,Céu Claro,Dupla,Reta,2,0,1,0,2,SR-SP,2
355291,02/05/2021,domingo,21:00:00,SP,SAO JOSE DOS CAMPOS,Manobra de mudança de faixa,Colisão lateral mesmo sentido,Sem Vítimas,Plena Noite,Decrescente,Céu Claro,Dupla,Reta,2,0,1,0,2,SR-SP,2
355297,02/05/2021,domingo,23:24:00,SP,ITAPECERICA DA SERRA,Pedestre andava na pista,Atropelamento de Pedestre,Com Vítimas Fatais,Plena Noite,Decrescente,Céu Claro,Dupla,Reta,2,1,1,0,1,SR-SP,2
355303,03/05/2021,segunda-feira,03:00:00,SP,SAO JOSE DOS CAMPOS,Ingestão de álcool pelo condutor,Capotamento,Sem Vítimas,Plena Noite,Decrescente,Céu Claro,Dupla,Reta,1,0,1,0,1,SR-SP,3
355315,03/05/2021,segunda-feira,07:40:00,SP,SAO JOSE DO RIO PRETO,Retorno proibido,Colisão lateral mesmo sentido,Com Vítimas Feridas,Pleno dia,Crescente,Céu Claro,Dupla,Túnel,2,0,0,2,2,SR-SP,3
355323,03/05/2021,segunda-feira,08:00:00,SP,SAO JOSE DOS CAMPOS,Manobra de mudança de faixa,Colisão lateral mesmo sentido,Com Vítimas Feridas,Pleno dia,Crescente,Céu Claro,Dupla,Reta,3,0,2,1,2,SR-SP,3
355336,03/05/2021,segunda-feira,08:22:00,SP,MIRACATU,Demais falhas mecânicas ou elétricas,Saída de leito carroçável,Sem Vítimas,Pleno dia,Crescente,Céu Claro,Dupla,Reta,1,0,1,0,1,SR-SP,3
355338,03/03/2021,quarta-feira,20:48:00,SP,SAO PAULO,Velocidade Incompatível,Colisão traseira,Sem Vítimas,Plena Noite,Crescente,Céu Claro,Dupla,Reta,2,0,1,0,2,SR-SP,3
355359,04/02/2021,quinta-feira,20:20:00,SP,EMBU DAS ARTES,Reação tardia ou ineficiente do condutor,Colisão com objeto,Com Vítimas Feridas,Plena Noite,Crescente,Céu Claro,Dupla,Reta,2,0,1,1,2,SR-SP,4
355374,19/02/2021,sexta-feira,07:20:00,SP,GUARULHOS,Condutor deixou de manter distância do veículo da frente,Colisão traseira,Com Vítimas Feridas,Pleno dia,Decrescente,Céu Claro,Múltipla,Reta,2,0,1,1,2,SR-SP,
355391,03/05/2021,segunda-feira,14:00:00,SP,BADY BASSITT,Objeto estático sobre o leito carroçável,Colisão com objeto,Sem Vítimas,Pleno dia,Decrescente,Céu Claro,Simples,Não Informado,1,0,1,0,1,SR-SP,3
355404,03/05/2021,segunda-feira,17:00:00,SP,UBATUBA,Reação tardia ou ineficiente do condutor,Colisão traseira,Com Vítimas Feridas,Pleno dia,Decrescente,Céu Claro,Simples,Curva,3,0,1,1,2,SR-SP,3
355424,03/05/2021,segunda-feira,06:50:00,SP,GUARULHOS,Trafegar com motocicleta (ou similar) entre as faixas,Colisão traseira,Com Vítimas Feridas,Pleno dia,Crescente,Nublado,Dupla,Reta,3,0,2,1,3,SR-SP,3
355425,03/05/2021,segunda-feira,18:10:00,SP,GUARULHOS,Condutor deixou de manter distância do veículo da frente,Colisão traseira,Sem Vítimas,Plena Noite,Crescente,Nublado,Simples,Reta,3,0,3,0,3,SR-SP,3
355427,03/05/2021,segunda-feira,18:30:00,SP,GUARULHOS,Manobra de mudança de faixa,Colisão lateral mesmo sentido,Com Vítimas Feridas,Anoitecer,Decrescente,Nevoeiro/Neblina,Múltipla,Reta,2,0,1,1,2,SR-SP,3
355475,04/05/2021,terça-feira,00:00:00,SP,EMBU DAS ARTES,Ausência de reação do condutor,Colisão com objeto,Com Vítimas Feridas,Pleno dia,Decrescente,Nublado,Dupla,Desvio Temporário,3,0,0,3,1,SR-SP,4
355481,04/05/2021,terça-feira,00:00:00,SP,CAJATI,Ingestão de álcool pelo condutor,Saída de leito carroçável,Sem Vítimas,Plena Noite,Decrescente,Céu Claro,Simples,Curva,1,0,1,0,1,SR-SP,4
355501,04/05/2021,terça-feira,03:30:00,SP,ATIBAIA,Carga excessiva e/ou mal acondicionada,Tombamento,Sem Vítimas,Plena Noite,Crescente,Céu Claro,Dupla,Curva,2,0,2,0,2,SR-SP,4
355513,04/05/2021,terça-feira,06:55:00,SP,UBATUBA,Ausência de sinalização,Colisão lateral mesmo sentido,Com Vítimas Feridas,Pleno dia,Decrescente,Céu Claro,Simples,Reta,2,0,0,1,2,SR-SP,4
355515,04/05/2021,terça-feira,08:00:00,SP,GUARULHOS,Trafegar com motocicleta (ou similar) entre as faixas,Colisão com objeto,Com Vítimas Feridas,Pleno dia,Crescente,Céu Claro,Múltipla,Reta,3,0,2,1,3,SR-SP,4
355516,04/05/2021,terça-feira,08:15:00,SP,ATIBAIA,Ausência de reação do condutor,Tombamento,Com Vítimas Feridas,Pleno dia,Decrescente,Céu Claro,Dupla,Reta,1,0,0,1,1,SR-SP,4
355523,04/05/2021,terça-feira,07:30:00,SP,MIRACATU,Ausência de reação do condutor,Colisão traseira,Com Vítimas Feridas,Pleno dia,Crescente,Céu Claro,Simples,Não Informado,5,0,4,1,2,SR-SP,4
355528,04/05/2021,terça-feira,08:20:00,SP,CRUZEIRO,Mal súbito do condutor,Capotamento,Com Vítimas Feridas,Pleno dia,Decrescente,Sol,Dupla,Reta,1,0,0,1,1,SR-SP,4
355537,04/05/2021,terça-feira,09:50:00,SP,LAVRINHAS,Manobra de mudança de faixa,Colisão traseira,Com Vítimas Feridas,Pleno dia,Decrescente,Sol,Dupla,Reta,2,0,0,2,2,SR-SP,4
355544,04/05/2021,terça-feira,10:15:00,SP,ATIBAIA,Ausência de reação do condutor,Colisão com objeto,Com Vítimas Feridas,Pleno dia,Crescente,Céu Claro,Múltipla,Reta,1,0,0,1,1,SR-SP,4
355563,05/02/2021,sexta-feira,20:55:00,SP,GUARULHOS,Trafegar com motocicleta (ou similar) entre as faixas,Colisão lateral mesmo sentido,Com Vítimas Feridas,Plena Noite,Crescente,Céu Claro,Múltipla,Reta,1,0,0,1,1,SR-SP,5
355574,04/05/2021,terça-feira,14:05:00,SP,SAO JOSE DO RIO PRETO,Demais falhas mecânicas ou elétricas,Tombamento,Com Vítimas Feridas,Pleno dia,Decrescente,Céu Claro,Dupla,Desvio Temporário,2,0,0,2,1,SR-SP,4
355578,04/05/2021,terça-feira,14:00:00,SP,SAO JOSE DO RIO PRETO,Reação tardia ou ineficiente do condutor,Colisão traseira,Com Vítimas Feridas,Pleno dia,Crescente,Céu Claro,Dupla,Reta,2,0,1,1,2,SR-SP,4
355580,04/05/2021,terça-feira,10:55:00,SP,SAO PAULO,Reação tardia ou ineficiente do condutor,Colisão lateral mesmo sentido,Sem Vítimas,Pleno dia,Crescente,Céu Claro,Múltipla,Reta,2,0,2,0,2,SR-SP,4
355593,21/03/2021,domingo,21:45:00,SP,LORENA,Velocidade Incompatível,Colisão com objeto,Com Vítimas Feridas,Plena Noite,Crescente,Céu Claro,Dupla,Reta,1,0,0,1,1,SR-SP,
355636,04/05/2021,terça-feira,19:40:00,SP,ITAPECERICA DA SERRA,Condutor deixou de manter distância do veículo da frente,Colisão traseira,Com Vítimas Feridas,Plena Noite,Decrescente,Céu Claro,Dupla,Reta,1,0,0,1,1,SR-SP,4