ID,DATA,DIA_SEMANA,HORARIO,ESTADO,MUNICIPIO,CAUSA_ACIDENTE,TIPO_ACIDENTE,CLASSIFICACAO_ACIDENTE,FASE_DIA,SENTIDO_VIA,CONDICAO_METEREOLOGICA,TIPO_PISTA,TRACADO_VIA,PESSOAS,MORTOS,ILESOS,FERIDOS,VEICULOS,REGIONAL,MES
355638,04/05/2021,terça-feira,17:50:00,SP,BARRA DO TURVO,Reação tardia ou ineficiente do condutor,Tombamento,Com Vítimas Feridas,Anoitecer,Crescente,Céu Claro,Dupla,Curva,1,0,0,1,1,SR-SP,4
355639,04/05/2021,terça-feira,19:30:00,SP,GUARULHOS,Mal súbito do condutor,Capotamento,Com Vítimas Feridas,Plena Noite,Decrescente,Céu Claro,Dupla,Reta,1,0,0,1,1,SR-SP,4
355672,05/05/2021,quarta-feira,01:00:00,SP,BRAGANCA PAULISTA,Condutor deixou de manter distância do veículo da frente,Colisão traseira,Com Vítimas Feridas,Plena Noite,Decrescente,Céu Claro,Dupla,Reta,2,0,1,1,2,SR-SP,5
355677,05/05/2021,quarta-feira,03:00:00,SP,LAVRINHAS,Demais falhas mecânicas ou elétricas,Tombamento,Com Vítimas Feridas,Plena Noite,Decrescente,Céu Claro,Dupla,Reta,1,0,0,1,1,SR-SP,5
355706,05/05/2021,quarta-feira,07:30:00,SP,GUARULHOS,Reação tardia ou ineficiente do condutor,Colisão traseira,Com Vítimas Feridas,Pleno dia,Crescente,Céu Claro,Múltipla,Reta,3,0,2,1,3,SR-SP,5
355714,05/05/2021,quarta-feira,08:00:00,SP,TABOAO DA SERRA,Ausência de reação do condutor,Colisão traseira,Com Vítimas Feridas,Pleno dia,Decrescente,Céu Claro,Dupla,Reta,2,0,1,1,2,SR-SP,5
355717,18/03/2021,quinta-feira,18:00:00,SP,GUARULHOS,Condutor deixou de manter distância do veículo da frente,Colisão traseira,Com Vítimas Feridas,Anoitecer,Decrescente,Céu Claro,Múltipla,Reta,3,0,1,1,3,SR-SP,
355732,05/05/2021,quarta-feira,11:30:00,SP,GUARULHOS,Condutor deixou de manter distância do veículo da frente,Colisão traseira,Com Vítimas Feridas,Pleno dia,Crescente,Céu Claro,Simples,Reta,3,0,2,1,3,SR-SP,5
355739,05/05/2021,quarta-feira,12:15:00,SP,BRAGANCA PAULISTA,Reação tardia ou ineficiente do condutor,Colisão traseira,Com Vítimas Feridas,Pleno dia,Crescente,Sol,Dupla,Curva,2,0,1,1,2,SR-SP,5
355785,05/05/2021,quarta-feira,18:30:00,SP,JACAREI,Pedestre andava na pista,Atropelamento de Pedestre,Com Vítimas Feridas,Plena Noite,Crescente,Céu Claro,Múltipla,Não Informado,4,0,2,1,1,SR-SP,5
355815,07/02/2021,domingo,22:45:00,SP,TABOAO DA SERRA,Condutor desrespeitou a iluminação vermelha do semáforo,Colisão transversal,Com Vítimas Feridas,Plena Noite,Crescente,Céu Claro,Dupla,Interseção de vias,2,0,1,1,2,SR-SP,7
355833,05/05/2021,quarta-feira,21:50:00,SP,MAIRIPORA,Curva acentuada,Tombamento,Com Vítimas Feridas,Plena Noite,Decrescente,Céu Claro,Dupla,Curva,1,0,0,1,1,SR-SP,5
355838,05/05/2021,quarta-feira,22:50:00,SP,TAUBATE,Objeto estático sobre o leito carroçável,Tombamento,Com Vítimas Feridas,Plena Noite,Crescente,Nublado,Dupla,Não Informado,1,0,0,1,1,SR-SP,5
355842,05/05/2021,quarta-feira,18:20:00,SP,SAO JOSE DOS CAMPOS,Conversão proibida,Colisão lateral mesmo sentido,Com Vítimas Feridas,Plena Noite,Crescente,Céu Claro,Dupla,Reta,2,0,1,1,2,SR-SP,5
355847,06/05/2021,quinta-feira,00:34:00,SP,GUARULHOS,Velocidade Incompatível,Colisão com objeto,Sem Vítimas,Plena Noite,Decrescente,Céu Claro,Dupla,Curva,1,0,0,0,1,SR-SP,6
355874,06/05/2021,quinta-feira,06:45:00,SP,CACAPAVA,Condutor Dormindo,Tombamento,Com Vítimas Feridas,Amanhecer,Decrescente,Céu Claro,Dupla,Reta,1,0,0,1,1,SR-SP,6
355899,06/05/2021,quinta-feira,08:59:00,SP,JACAREI,Demais falhas mecânicas ou elétricas,Tombamento,Sem Vítimas,Pleno dia,Decrescente,Céu Claro,Dupla,Reta,3,0,3,0,3,SR-SP,6
355906,06/05/2021,quinta-feira,08:40:00,SP,GUARULHOS,Reação tardia ou ineficiente do condutor,Colisão traseira,Com Vítimas Feridas,Pleno dia,Crescente,Céu Claro,Múltipla,Reta,2,0,1,1,2,SR-SP,6
355978,06/05/2021,quinta-feira,17:45:00,SP,TAUBATE,Frear bruscamente,Capotamento,Com Vítimas Feridas,Plena Noite,Crescente,Céu Claro,Dupla,Reta,1,0,0,1,1,SR-SP,6
355979,06/05/2021,quinta-feira,18:00:00,SP,GUARULHOS,Ausência de reação do condutor,Colisão lateral mesmo sentido,Com Vítimas Feridas,Anoitecer,Decrescente,Céu Claro,Múltipla,Reta,3,0,2,1,2,SR-SP,6
355984,06/05/2021,quinta-feira,18:20:00,SP,GUARULHOS,Reação tardia ou ineficiente do condutor,Colisão traseira,Com Vítimas Feridas,Plena Noite,Decrescente,Céu Claro,Múltipla,Reta,2,0,1,1,2,SR-SP,6
355986,06/05/2021,quinta-feira,14:15:00,SP,MIRACATU,Reação tardia ou ineficiente do condutor,Engavetamento,Com Vítimas Feridas,Pleno dia,Crescente,Sol,Dupla,Desvio Temporário,4,0,3,1,4,SR-SP,6
355993,06/05/2021,quinta-feira,18:00:00,SP,PINDAMONHANGABA,Transitar na contramão,Colisão lateral sentido oposto,Com Vítimas Feridas,Plena Noite,Crescente,Nublado,Dupla,Reta,1,0,0,1,1,SR-SP,6
356006,06/05/2021,quinta-feira,18:10:00,SP,TAUBATE,Condutor deixou de manter distância do veículo da frente,Colisão traseira,Sem Vítimas,Pleno dia,Crescente,Céu Claro,Dupla,Reta,1,0,1,0,1,SR-SP,6
356034,06/05/2021,quinta-feira,21:00:00,SP,MIRACATU,Acumulo de óleo sobre o pavimento,Saída de leito carroçável,Com Vítimas Feridas,Plena Noite,Crescente,Chuva,Dupla,Reta,1,0,0,1,1,SR-SP,6
356063,07/05/2021,sexta-feira,00:10:00,SP,TABOAO DA SERRA,Ausência de reação do condutor,Colisão traseira,Com Vítimas Feridas,Plena Noite,Crescente,Céu Claro,Dupla,Reta,2,0,1,1,2,SR-SP,7
356087,07/05/2021,sexta-feira,08:20:00,SP,TABOAO DA SERRA,Ausência de reação do condutor,Colisão lateral mesmo sentido,Com Vítimas Feridas,Pleno dia,Decrescente,Nublado,Dupla,Reta,2,0,1,1,2,SR-SP,7
356095,07/05/2021,sexta-feira,05:15:00,SP,BARRA DO TURVO,Pista Escorregadia,Colisão com objeto,Sem Vítimas,Amanhecer,Crescente,Chuva,Simples,Curva,6,0,6,0,4,SR-SP,7
356096,06/05/2021,quinta-feira,19:45:00,SP,JUQUIA,Reação tardia ou ineficiente do condutor,Atropelamento de Pedestre,Com Vítimas Fatais,Plena Noite,Decrescente,Nublado,Dupla,Reta,2,1,0,0,1,SR-SP,6
356130,07/05/2021,sexta-feira,10:20:00,SP,ATIBAIA,Demais falhas mecânicas ou elétricas,Eventos atípicos,Com Vítimas Feridas,Pleno dia,Crescente,Céu Claro,Múltipla,Reta,3,0,0,2,2,SR-SP,7
356171,07/05/2021,sexta-feira,15:50:00,SP,SAO PAULO,Objeto estático sobre o leito carroçável,Colisão traseira,Sem Vítimas,Pleno dia,Decrescente,Nublado,Múltipla,Reta,2,0,2,0,2,SR-SP,7
356194,07/05/2021,sexta-feira,17:00:00,SP,ARUJA,Condutor deixou de manter distância do veículo da frente,Colisão traseira,Com Vítimas Feridas,Anoitecer,Decrescente,Nublado,Dupla,Reta,2,0,0,1,2,SR-SP,7
356200,07/05/2021,sexta-feira,16:00:00,SP,MIRACATU,Pista Escorregadia,Colisão com objeto,Sem Vítimas,Pleno dia,Crescente,Chuva,Dupla,Reta,1,0,1,0,1,SR-SP,7
356210,07/05/2021,sexta-feira,17:05:00,SP,BRAGANCA PAULISTA,Ausência de reação do condutor,Colisão traseira,Com Vítimas Feridas,Anoitecer,Decrescente,Céu Claro,Dupla,Reta,3,0,2,1,2,SR-SP,7
356211,07/05/2021,sexta-feira,18:15:00,SP,SAO PAULO,Entrada inopinada do pedestre,Atropelamento de Pedestre,Com Vítimas Feridas,Plena Noite,Decrescente,Céu Claro,Múltipla,Reta,2,0,1,1,1,SR-SP,7
356218,07/05/2021,sexta-feira,18:30:00,SP,GUARULHOS,Condutor deixou de manter distância do veículo da frente,Colisão traseira,Com Vítimas Feridas,Plena Noite,Decrescente,Nublado,Múltipla,Reta,2,0,1,1,2,SR-SP,7
356252,07/05/2021,sexta-feira,19:10:00,SP,PINDAMONHANGABA,Condutor deixou de manter distância do veículo da frente,Engavetamento,Com Vítimas Feridas,Plena Noite,Decrescente,Céu Claro,Dupla,Reta,3,0,2,1,3,SR-SP,7
356270,07/05/2021,sexta-feira,22:10:00,SP,JUQUIA,Manobra de mudança de faixa,Colisão traseira,Sem Vítimas,Plena Noite,Crescente,Chuva,Dupla,Reta,2,0,2,0,2,SR-SP,7
356280,07/05/2021,sexta-feira,22:30:00,SP,TAUBATE,Ausência de reação do condutor,Colisão traseira,Com Vítimas Feridas,Plena Noite,Crescente,Nublado,Dupla,Reta,1,0,0,1,1,SR-SP,7
356312,08/05/2021,sábado,02:55:00,SP,TABOAO DA SERRA,Chuva,Colisão com objeto,Sem Vítimas,Plena Noite,Decrescente,Céu Claro,Dupla,Reta,1,0,0,0,1,SR-SP,8
356315,08/05/2021,sábado,03:30:00,SP,PINDAMONHANGABA,Pedestre andava na pista,Atropelamento de Pedestre,Com Vítimas Fatais,Plena Noite,Crescente,Céu Claro,Dupla,Reta,2,1,0,0,1,SR-SP,8
356334,08/05/2021,sábado,06:30:00,SP,MIRACATU,Condutor Dormindo,Saída de leito carroçável,Sem Vítimas,Pleno dia,Decrescente,Nublado,Simples,Reta,1,0,1,0,1,SR-SP,8
356352,08/05/2021,sábado,08:34:00,SP,CAJATI,Pista Escorregadia,Colisão com objeto,Com Vítimas Feridas,Pleno dia,Decrescente,Garoa/Chuvisco,Dupla,Curva,4,0,3,1,1,SR-SP,8
356383,08/05/2021,sábado,10:30:00,SP,CAJATI,Pista Escorregadia,Colisão com objeto,Com Vítimas Feridas,Pleno dia,Decrescente,Chuva,Dupla,Curva,2,0,1,1,1,SR-SP,8
356418,08/05/2021,sábado,17:15:00,SP,SANTA ISABEL,Ingestão de álcool pelo condutor,Tombamento,Sem Vítimas,Anoitecer,Decrescente,Céu Claro,Dupla,Curva,1,0,1,0,1,SR-SP,8
356420,08/05/2021,sábado,17:21:00,SP,SAO PAULO,Reação tardia ou ineficiente do condutor,Capotamento,Com Vítimas Feridas,Plena Noite,Crescente,Céu Claro,Dupla,Reta,1,0,0,1,1,SR-SP,8
356427,08/05/2021,sábado,17:40:00,SP,UBATUBA,Ingestão de álcool pelo condutor,Colisão lateral sentido oposto,Com Vítimas Feridas,Plena Noite,Crescente,Nublado,Simples,Reta,5,0,0,4,2,SR-SP,8
356437,08/05/2021,sábado,18:25:00,SP,TABOAO DA SERRA,Manobra de mudança de faixa,Colisão lateral mesmo sentido,Com Vítimas Feridas,Plena Noite,Decrescente,Céu Claro,Dupla,Reta,1,0,0,1,1,SR-SP,8
356483,08/05/2021,sábado,23:20:00,SP,SAO PAULO,Mal súbito do condutor,Colisão traseira,Com Vítimas Feridas,Plena Noite,Crescente,Céu Claro,Múltipla,Reta,2,0,1,1,2,SR-SP,8
356490,08/05/2021,sábado,22:40:00,SP,SAO JOSE DOS CAMPOS,Condutor deixou de manter distância do veículo da frente,Colisão traseira,Com Vítimas Feridas,Plena Noite,Decrescente,Nublado,Dupla,Reta,3,0,2,1,3,SR-SP,8
356496,08/05/2021,sábado,16:00:00,SP,BARRA DO TURVO,Pista Escorregadia,Saída de leito carroçável,Sem Vítimas,Pleno dia,Crescente,Nublado,Dupla,Reta,1,0,0,0,1,SR-SP,8
356497,08/05/2021,sábado,23:37:00,SP,GUARULHOS,Velocidade Incompatível,Colisão com objeto,Com Vítimas Feridas,Plena Noite,Crescente,Céu Claro,Múltipla,Reta,1,0,0,1,1,SR-SP,8
356514,08/05/2021,sábado,20:00:00,SP,SAO PAULO,Entrada inopinada do pedestre,Atropelamento de Pedestre,Com Vítimas Feridas,Anoitecer,Decrescente,Céu Claro,Dupla,Curva,2,0,0,1,1,SR-SP,8
356518,09/05/2021,domingo,01:34:00,SP,SAO PAULO,Ingestão de álcool pelo condutor,Colisão traseira,Com Vítimas Feridas,Plena Noite,Crescente,Céu Claro,Múltipla,Reta,3,0,2,1,2,SR-SP,9
356538,09/05/2021,domingo,05:30:00,SP,GUARULHOS,Reação tardia ou ineficiente do condutor,Colisão traseira,Com Vítimas Feridas,Amanhecer,Decrescente,Céu Claro,Múltipla,Reta,3,0,2,1,3,SR-SP,9
356539,09/05/2021,domingo,04:45:00,SP,JUQUITIBA,Ausência de reação do condutor,Saída de leito carroçável,Com Vítimas Feridas,Plena Noite,Crescente,Nublado,Dupla,Reta,1,0,0,1,1,SR-SP,9
356548,09/05/2021,domingo,06:20:00,SP,GUAIMBE,Ingestão de álcool pelo condutor,Colisão com objeto,Com Vítimas Feridas,Amanhecer,Decrescente,Céu Claro,Simples,Reta,1,0,0,1,1,SR-SP,9
356555,09/05/2021,domingo,03:30:00,SP,SAO JOSE DOS CAMPOS,Ingestão de álcool pelo condutor,Colisão com objeto,Sem Vítimas,Pleno dia,Crescente,Céu Claro,Dupla,Reta,1,0,0,0,1,SR-SP,9
356574,09/05/2021,domingo,08:00:00,SP,GUARULHOS,Velocidade Incompatível,Colisão com objeto,Sem Vítimas,Pleno dia,Decrescente,Céu Claro,Múltipla,Curva,1,0,0,0,1,SR-SP,9
356580,09/05/2021,domingo,09:00:00,SP,MIRACATU,Reação tardia ou ineficiente do condutor,Queda de ocupante de veículo,Com Vítimas Feridas,Pleno dia,Crescente,Sol,Dupla,Reta,1,0,0,1,1,SR-SP,9
356602,09/05/2021,domingo,12:05:00,SP,TABOAO DA SERRA,Ausência de reação do condutor,Colisão traseira,Com Vítimas Feridas,Pleno dia,Decrescente,Céu Claro,Múltipla,Reta,2,0,1,1,2,SR-SP,9
356611,09/05/2021,domingo,13:00:00,SP,SAO PAULO,Condutor deixou de manter distância do veículo da frente,Colisão traseira,Com Vítimas Feridas,Pleno dia,Crescente,Sol,Múltipla,Reta,5,0,2,1,4,SR-SP,9
356616,09/05/2021,domingo,14:10:00,SP,GUARULHOS,Manobra de mudança de faixa,Colisão traseira,Com Vítimas Feridas,Pleno dia,Crescente,Céu Claro,Múltipla,Reta,3,0,2,1,2,SR-SP,9
356646,09/05/2021,domingo,15:30:00,SP,ICEM,Reação tardia ou ineficiente do condutor,Colisão traseira,Com Vítimas Feridas,Pleno dia,Crescente,Céu Claro,Simples,Não Informado,2,0,1,1,2,SR-SP,9
356674,09/05/2021,domingo,19:00:00,SP,CAJATI,Chuva,Capotamento,Com Vítimas Feridas,Plena Noite,Decrescente,Chuva,Dupla,Curva,2,0,1,1,1,SR-SP,9
356689,09/05/2021,domingo,19:00:00,SP,ITAPECERICA DA SERRA,Ausência de reação do condutor,Colisão transversal,Com Vítimas Feridas,Plena Noite,Decrescente,Céu Claro,Dupla,Reta,2,0,0,1,2,SR-SP,9
356760,09/05/2021,domingo,23:50:00,SP,SAO PAULO,Velocidade Incompatível,Colisão traseira,Com Vítimas Feridas,Pleno dia,Decrescente,Nublado,Múltipla,Reta,3,0,0,1,2,SR-SP,9
356763,10/05/2021,segunda-feira,00:00:00,SP,EMBU DAS ARTES,Ausência de reação do condutor,Colisão com objeto,Com Vítimas Feridas,Plena Noite,Decrescente,Céu Claro,Dupla,Reta,1,0,0,1,1,SR-SP,10
356764,09/05/2021,domingo,23:55:00,SP,TAUBATE,Condutor Dormindo,Colisão com objeto,Com Vítimas Feridas,Plena Noite,Decrescente,Céu Claro,Dupla,Reta,3,0,0,1,1,SR-SP,9
356778,10/05/2021,segunda-feira,02:50:00,SP,EMBU DAS ARTES,Velocidade Incompatível,Saída de leito carroçável,Sem Vítimas,Plena Noite,Decrescente,Céu Claro,Dupla,Reta,1,0,0,0,1,SR-SP,10
356784,10/05/2021,segunda-feira,03:46:00,SP,ATIBAIA,Objeto estático sobre o leito carroçável,Colisão com objeto,Sem Vítimas,Plena Noite,Decrescente,Céu Claro,Múltipla,Reta,2,0,1,0,2,SR-SP,10
356788,10/05/2021,segunda-feira,05:30:00,SP,JACAREI,Demais falhas mecânicas ou elétricas,Colisão transversal,Sem Vítimas,Amanhecer,Crescente,Nublado,Dupla,Reta,2,0,2,0,2,SR-SP,10
356821,10/05/2021,segunda-feira,08:10:00,SP,GUARULHOS,Manobra de mudança de faixa,Colisão traseira,Com Vítimas Feridas,Pleno dia,Crescente,Céu Claro,Múltipla,Reta,2,0,1,1,2,SR-SP,10
356835,10/05/2021,segunda-feira,07:40:00,SP,CAJATI,Velocidade Incompatível,Atropelamento de Pedestre,Com Vítimas Fatais,Pleno dia,Decrescente,Céu Claro,Dupla,Curva,5,1,0,4,1,SR-SP,10
356844,10/05/2021,segunda-feira,10:00:00,SP,EMBU DAS ARTES,Ausência de reação do condutor,Colisão traseira,Com Vítimas Feridas,Pleno dia,Decrescente,Céu Claro,Dupla,Reta,3,0,1,1,3,SR-SP,10
356861,10/05/2021,segunda-feira,10:00:00,SP,VARGEM,Velocidade Incompatível,Queda de ocupante de veículo,Com Vítimas Feridas,Pleno dia,Crescente,Céu Claro,Dupla,Reta,1,0,0,1,1,SR-SP,10
356892,10/05/2021,segunda-feira,14:50:00,SP,APARECIDA,Condutor Dormindo,Saída de leito carroçável,Com Vítimas Feridas,Pleno dia,Decrescente,Sol,Dupla,Não Informado,1,0,0,1,1,SR-SP,10
356931,10/05/2021,segunda-feira,18:45:00,SP,TAUBATE,Manobra de mudança de faixa,Colisão lateral mesmo sentido,Sem Vítimas,Plena Noite,Decrescente,Céu Claro,Dupla,Reta,2,0,2,0,2,SR-SP,10
356934,10/05/2021,segunda-feira,18:00:00,SP,EMBU DAS ARTES,Ausência de reação do condutor,Colisão lateral mesmo sentido,Com Vítimas Feridas,Anoitecer,Crescente,Céu Claro,Dupla,Não Informado,2,0,1,1,2,SR-SP,10
356967,10/05/2021,segunda-feira,21:25:00,SP,GUARATINGUETA,Manobra de mudança de faixa,Colisão lateral mesmo sentido,Com Vítimas Feridas,Plena Noite,Decrescente,Nublado,Dupla,Reta,4,0,2,1,3,SR-SP,10
356970,10/05/2021,segunda-feira,22:00:00,SP,MIRACATU,Velocidade Incompatível,Tombamento,Com Vítimas Feridas,Plena Noite,Crescente,Céu Claro,Dupla,Curva,1,0,0,1,1,SR-SP,10
356971,10/05/2021,segunda-feira,19:50:00,SP,SAO JOSE DOS CAMPOS,Ausência de reação do condutor,Saída de leito carroçável,Sem Vítimas,Plena Noite,Crescente,Céu Claro,Dupla,Reta,1,0,0,0,1,SR-SP,10
356972,10/05/2021,segunda-feira,22:15:00,SP,MIRACATU,Reação tardia ou ineficiente do condutor,Colisão lateral mesmo sentido,Sem Vítimas,Plena Noite,Crescente,Nevoeiro/Neblina,Dupla,Curva,3,0,3,0,2,SR-SP,10
356978,10/05/2021,segunda-feira,21:00:00,SP,JUQUIA,Reação tardia ou ineficiente do condutor,Colisão com objeto,Sem Vítimas,Plena Noite,Crescente,Céu Claro,Dupla,Curva,1,0,1,0,1,SR-SP,10
356984,11/05/2021,terça-feira,00:00:00,SP,JUQUITIBA,Velocidade Incompatível,Tombamento,Sem Vítimas,Plena Noite,Decrescente,Céu Claro,Dupla,Reta,1,0,1,0,1,SR-SP,11
357015,11/05/2021,terça-feira,06:40:00,SP,MIRACATU,Demais falhas na via,Saída de leito carroçável,Com Vítimas Feridas,Pleno dia,Crescente,Céu Claro,Dupla,Reta,1,0,0,1,1,SR-SP,11
357023,11/05/2021,terça-feira,08:15:00,SP,JOSE BONIFACIO,Acumulo de areia ou detritos sobre o pavimento,Tombamento,Com Vítimas Feridas,Pleno dia,Decrescente,Nublado,Simples,Interseção de vias,1,0,0,1,1,SR-SP,11
357024,11/05/2021,terça-feira,08:01:00,SP,GUARULHOS,Reação tardia ou ineficiente do condutor,Colisão traseira,Com Vítimas Feridas,Pleno dia,Crescente,Céu Claro,Múltipla,Desvio Temporário,2,0,1,1,2,SR-SP,11
357035,11/05/2021,terça-feira,09:00:00,SP,EMBU DAS ARTES,Manobra de mudança de faixa,Colisão traseira,Com Vítimas Feridas,Pleno dia,Decrescente,Céu Claro,Dupla,Reta,3,0,1,2,2,SR-SP,11
357040,11/05/2021,terça-feira,10:00:00,SP,GUARULHOS,Manobra de mudança de faixa,Colisão lateral mesmo sentido,Com Vítimas Feridas,Pleno dia,Crescente,Céu Claro,Múltipla,Reta,4,0,3,1,4,SR-SP,11
357049,11/05/2021,terça-feira,10:55:00,SP,SAO JOSE DOS CAMPOS,Condutor deixou de manter distância do veículo da frente,Colisão traseira,Com Vítimas Feridas,Pleno dia,Crescente,Céu Claro,Dupla,Reta,3,0,1,2,2,SR-SP,11
357064,11/05/2021,terça-feira,11:15:00,SP,SAO PAULO,Demais Fenômenos da natureza,Colisão com objeto,Sem Vítimas,Pleno dia,Crescente,Céu Claro,Dupla,Curva,2,0,2,0,1,SR-SP,11
357066,11/05/2021,terça-feira,09:00:00,SP,GUARULHOS,Condutor deixou de manter distância do veículo da frente,Colisão traseira,Com Vítimas Feridas,Pleno dia,Crescente,Céu Claro,Dupla,Reta,2,0,1,1,2,SR-SP,11
357068,11/05/2021,terça-feira,11:30:00,SP,SAO PAULO,Manobra de mudança de faixa,Colisão transversal,Com Vítimas Feridas,Pleno dia,Decrescente,Céu Claro,Múltipla,Reta,2,0,1,1,2,SR-SP,11
357101,11/05/2021,terça-feira,17:00:00,SP,GUARULHOS,Reação tardia ou ineficiente do condutor,Colisão lateral sentido oposto,Sem Vítimas,Anoitecer,Crescente,Céu Claro,Múltipla,Curva,3,0,3,0,2,SR-SP,11
357126,11/05/2021,terça-feira,18:00:00,SP,SAO JOSE DOS CAMPOS,Condutor deixou de manter distância do veículo da frente,Colisão traseira,Com Vítimas Feridas,Anoitecer,Decrescente,Céu Claro,Múltipla,Reta,2,0,1,1,2,SR-SP,11
357158,11/05/2021,terça-feira,21:08:00,SP,GUARULHOS,Acumulo de areia ou detritos sobre o pavimento,Tombamento,Com Vítimas Feridas,Plena Noite,Decrescente,Céu Claro,Múltipla,Curva,1,0,0,1,1,SR-SP,11
357168,11/05/2021,terça-feira,22:30:00,SP,BRAGANCA PAULISTA,Velocidade Incompatível,Colisão traseira,Com Vítimas Feridas,Plena Noite,Decrescente,Céu Claro,Dupla,Reta,2,0,1,1,2,SR-SP,11
357170,11/05/2021,terça-feira,21:50:00,SP,SAO JOSE DOS CAMPOS,Condutor deixou de manter distância do veículo da frente,Colisão traseira,Com Vítimas Feridas,Plena Noite,Crescente,Céu Claro,Múltipla,Reta,2,0,1,1,2,SR-SP,11
357171,11/05/2021,terça-feira,21:05:00,SP,CAJATI,Velocidade Incompatível,Tombamento,Com Vítimas Feridas,Plena Noite,Decrescente,Céu Claro,Simples,Não Informado,1,0,0,1,1,SR-SP,11
357183,12/05/2021,quarta-feira,00:25:00,SP,MAIRIPORA,Carga excessiva e/ou mal acondicionada,Tombamento,Com Vítimas Feridas,Plena Noite,Decrescente,Céu Claro,Múltipla,Curva,3,0,2,1,1,SR-SP,12
357193,12/05/2021,quarta-feira,04:15:00,SP,TAUBATE,Pedestre andava na pista,Atropelamento de Pedestre,Com Vítimas Fatais,Plena Noite,Crescente,Céu Claro,Dupla,Reta,2,1,1,0,1,SR-SP,12
357215,12/05/2021,quarta-feira,07:15:00,SP,GUARATINGUETA,Acumulo de areia ou detritos sobre o pavimento,Tombamento,Com Vítimas Feridas,Pleno dia,Decrescente,Nublado,Simples,Não Informado,1,0,0,1,1,SR-SP,12
357223,12/05/2021,quarta-feira,07:45:00,SP,REGISTRO,Reação tardia ou ineficiente do condutor,Queda de ocupante de veículo,Com Vítimas Feridas,Pleno dia,Crescente,Chuva,Dupla,Não Informado,2,0,0,2,1,SR-SP,12
357257,12/05/2021,quarta-feira,11:20:00,SP,SAO JOSE DOS CAMPOS,Manobra de mudança de faixa,Colisão lateral mesmo sentido,Com Vítimas Feridas,Pleno dia,Crescente,Sol,Dupla,Reta,3,0,1,2,2,SR-SP,12
357287,12/05/2021,quarta-feira,15:20:00,SP,MAIRIPORA,Ausência de reação do condutor,Colisão frontal,Com Vítimas Feridas,Pleno dia,Crescente,Nublado,Dupla,Reta,3,0,2,1,3,SR-SP,12
357317,12/05/2021,quarta-feira,18:00:00,SP,GUARULHOS,Chuva,Queda de ocupante de veículo,Com Vítimas Feridas,Anoitecer,Crescente,Nublado,Simples,Reta,1,0,0,1,1,SR-SP,12
357351,12/05/2021,quarta-feira,20:45:00,SP,GUARULHOS,Reação tardia ou ineficiente do condutor,Colisão traseira,Com Vítimas Feridas,Plena Noite,Crescente,Chuva,Múltipla,Reta,2,0,1,1,1,SR-SP,12
357357,12/05/2021,quarta-feira,20:10:00,SP,SAO JOSE DOS CAMPOS,Entrada inopinada do pedestre,Atropelamento de Pedestre,Com Vítimas Feridas,Plena Noite,Decrescente,Chuva,Múltipla,Reta,2,0,1,1,1,SR-SP,12
357370,12/05/2021,quarta-feira,22:10:00,SP,JACAREI,Reação tardia ou ineficiente do condutor,Tombamento,Sem Vítimas,Plena Noite,Decrescente,Chuva,Dupla,Reta,1,0,1,0,1,SR-SP,12
357387,13/05/2021,quinta-feira,02:55:00,SP,SANTA ISABEL,Ausência de reação do condutor,Colisão traseira,Sem Vítimas,Plena Noite,Crescente,Nevoeiro/Neblina,Dupla,Não Informado,2,0,2,0,2,SR-SP,
357390,13/05/2021,quinta-feira,03:40:00,SP,ITAPECERICA DA SERRA,Ausência de reação do condutor,Colisão com objeto,Sem Vítimas,Plena Noite,Crescente,Nublado,Dupla,Curva,1,0,1,0,1,SR-SP,
357400,13/05/2021,quinta-feira,06:30:00,SP,EMBU DAS ARTES,Condutor deixou de manter distância do veículo da frente,Colisão traseira,Com Vítimas Feridas,Pleno dia,Decrescente,Céu Claro,Dupla,Reta,3,0,2,1,2,SR-SP,
357413,13/05/2021,quinta-feira,08:01:00,SP,REGISTRO,Sinalização mal posicionada,Tombamento,Com Vítimas Feridas,Pleno dia,Decrescente,Chuva,Dupla,Não Informado,1,0,0,1,1,SR-SP,
357421,13/05/2021,quinta-feira,08:50:00,SP,GUARULHOS,Trafegar com motocicleta (ou similar) entre as faixas,Colisão traseira,Com Vítimas Feridas,Pleno dia,Crescente,Nublado,Múltipla,Reta,2,0,1,1,2,SR-SP,
357427,13/05/2021,quinta-feira,09:00:00,SP,MIRACATU,Velocidade Incompatível,Colisão traseira,Sem Vítimas,Pleno dia,Crescente,Garoa/Chuvisco,Múltipla,Não Informado,5,0,5,0,2,SR-SP,
357452,13/05/2021,quinta-feira,11:40:00,SP,GUARATINGUETA,Ingestão de álcool pelo condutor,Saída de leito carroçável,Com Vítimas Feridas,Pleno dia,Crescente,Nublado,Múltipla,Reta,1,0,0,1,1,SR-SP,
357495,13/05/2021,quinta-feira,17:40:00,SP,SAO JOSE DO RIO PRETO,Ausência de reação do condutor,Colisão lateral mesmo sentido,Com Vítimas Feridas,Anoitecer,Decrescente,Nublado,Dupla,Desvio Temporário,2,0,0,1,2,SR-SP,