ID,DATA,DIA_SEMANA,HORARIO,ESTADO,MUNICIPIO,CAUSA_ACIDENTE,TIPO_ACIDENTE,CLASSIFICACAO_ACIDENTE,FASE_DIA,SENTIDO_VIA,CONDICAO_METEREOLOGICA,TIPO_PISTA,TRACADO_VIA,PESSOAS,MORTOS,ILESOS,FERIDOS,VEICULOS,REGIONAL,MES
361519,02/06/2021,quarta-feira,08:30:00,SP,GUARULHOS,Velocidade Incompatível,Colisão lateral mesmo sentido,Com Vítimas Feridas,Pleno dia,Crescente,Céu Claro,Múltipla,Reta,3,0,1,2,2,SR-SP,2
361528,02/06/2021,quarta-feira,09:30:00,SP,GUARULHOS,Condutor deixou de manter distância do veículo da frente,Colisão traseira,Com Vítimas Feridas,Pleno dia,Decrescente,Céu Claro,Simples,Reta,4,0,3,1,4,SR-SP,2
361543,02/06/2021,quarta-feira,09:30:00,SP,ITAPECERICA DA SERRA,Restrição de visibilidade em curvas horizontais,Colisão traseira,Sem Vítimas,Pleno dia,Decrescente,Céu Claro,Dupla,Não Informado,12,0,12,0,6,SR-SP,2
361583,02/06/2021,quarta-feira,15:00:00,SP,GUARULHOS,Reação tardia ou ineficiente do condutor,Colisão lateral mesmo sentido,Com Vítimas Feridas,Pleno dia,Crescente,Céu Claro,Simples,Reta,2,0,1,1,2,SR-SP,2
361596,02/06/2021,quarta-feira,14:40:00,SP,GUARULHOS,Ausência de reação do condutor,Colisão traseira,Sem Vítimas,Pleno dia,Crescente,Céu Claro,Múltipla,Reta,2,0,2,0,2,SR-SP,2
361639,02/06/2021,quarta-feira,17:50:00,SP,TABOAO DA SERRA,Manobra de mudança de faixa,Colisão lateral mesmo sentido,Com Vítimas Feridas,Plena Noite,Crescente,Céu Claro,Múltipla,Reta,3,0,0,2,2,SR-SP,2
361662,02/06/2021,quarta-feira,21:30:00,SP,SAO JOSE DOS CAMPOS,Condutor usando celular,Tombamento,Com Vítimas Feridas,Plena Noite,Crescente,Céu Claro,Dupla,Reta,1,0,0,1,1,SR-SP,2
361668,02/06/2021,quarta-feira,22:00:00,SP,EMBU DAS ARTES,Trafegar com motocicleta (ou similar) entre as faixas,Colisão lateral mesmo sentido,Com Vítimas Feridas,Plena Noite,Crescente,Céu Claro,Dupla,Reta,2,0,1,1,2,SR-SP,2
361670,02/06/2021,quarta-feira,15:30:00,SP,ITAPECERICA DA SERRA,Ausência de reação do condutor,Queda de ocupante de veículo,Com Vítimas Feridas,Pleno dia,Crescente,Sol,Dupla,Reta,1,0,0,1,1,SR-SP,2
361682,02/06/2021,quarta-feira,22:40:00,SP,GUARULHOS,Pedestre cruzava a pista fora da faixa,Atropelamento de Pedestre,Com Vítimas Feridas,Plena Noite,Crescente,Céu Claro,Múltipla,Reta,2,0,0,1,1,SR-SP,2
361721,03/06/2021,quinta-feira,05:50:00,SP,BRAGANCA PAULISTA,Demais falhas mecânicas ou elétricas,Incêndio,Sem Vítimas,Amanhecer,Crescente,Céu Claro,Dupla,Reta,1,0,1,0,1,SR-SP,3
361729,03/06/2021,quinta-feira,07:05:00,SP,SAO JOSE DOS CAMPOS,Ausência de reação do condutor,Colisão traseira,Com Vítimas Feridas,Pleno dia,Crescente,Céu Claro,Simples,Reta,2,0,1,1,2,SR-SP,3
361743,03/06/2021,quinta-feira,09:00:00,SP,EMBU DAS ARTES,Manobra de mudança de faixa,Colisão lateral mesmo sentido,Com Vítimas Feridas,Pleno dia,Decrescente,Céu Claro,Dupla,Reta,2,0,1,1,2,SR-SP,3
361769,03/06/2021,quinta-feira,11:00:00,SP,SAO JOSE DOS CAMPOS,Condutor deixou de manter distância do veículo da frente,Engavetamento,Com Vítimas Feridas,Pleno dia,Decrescente,Sol,Múltipla,Reta,5,0,4,1,4,SR-SP,3
361779,03/06/2021,quinta-feira,12:30:00,SP,JACAREI,Objeto estático sobre o leito carroçável,Colisão com objeto,Com Vítimas Feridas,Pleno dia,Decrescente,Sol,Dupla,Reta,2,0,1,1,1,SR-SP,3
361813,03/06/2021,quinta-feira,16:20:00,SP,MIRACATU,Ausência de reação do condutor,Colisão traseira,Sem Vítimas,Pleno dia,Crescente,Nublado,Dupla,Reta,2,0,2,0,2,SR-SP,3
361831,03/06/2021,quinta-feira,18:20:00,SP,EMBU DAS ARTES,Ausência de reação do condutor,Colisão lateral mesmo sentido,Com Vítimas Feridas,Anoitecer,Crescente,Nublado,Dupla,Reta,2,0,0,1,2,SR-SP,3
361843,03/06/2021,quinta-feira,13:40:00,SP,MAIRIPORA,Ausência de reação do condutor,Colisão com objeto,Com Vítimas Fatais,Pleno dia,Crescente,Céu Claro,Dupla,Curva,2,1,0,1,1,SR-SP,3
361893,03/06/2021,quinta-feira,23:30:00,SP,JUQUITIBA,Ausência de reação do condutor,Colisão traseira,Sem Vítimas,Plena Noite,Decrescente,Nublado,Dupla,Reta,3,0,2,0,2,SR-SP,3
361899,04/06/2021,sexta-feira,01:00:00,SP,EMBU DAS ARTES,Ausência de reação do condutor,Colisão traseira,Com Vítimas Feridas,Plena Noite,Decrescente,Nublado,Dupla,Curva,3,0,2,1,2,SR-SP,4
361925,04/06/2021,sexta-feira,07:45:00,SP,SAO PAULO,Manobra de mudança de faixa,Colisão lateral mesmo sentido,Com Vítimas Feridas,Pleno dia,Crescente,Céu Claro,Múltipla,Reta,2,0,0,1,2,SR-SP,4
361932,04/06/2021,sexta-feira,08:15:00,SP,EMBU DAS ARTES,Ausência de reação do condutor,Colisão lateral mesmo sentido,Com Vítimas Feridas,Amanhecer,Decrescente,Nublado,Dupla,Reta,2,0,0,1,2,SR-SP,4
361947,04/06/2021,sexta-feira,10:20:00,SP,PARIQUERA-ACU,Reação tardia ou ineficiente do condutor,Colisão traseira,Com Vítimas Fatais,Pleno dia,Crescente,Céu Claro,Dupla,Reta,3,1,2,0,2,SR-SP,4
361951,04/06/2021,sexta-feira,11:45:00,SP,ATIBAIA,Objeto estático sobre o leito carroçável,Incêndio,Sem Vítimas,Pleno dia,Decrescente,Céu Claro,Múltipla,Reta,2,0,2,0,1,SR-SP,4
361952,04/06/2021,sexta-feira,11:40:00,SP,MIRACATU,Velocidade Incompatível,Saída de leito carroçável,Com Vítimas Feridas,Pleno dia,Crescente,Sol,Dupla,Curva,1,0,0,1,1,SR-SP,4
361959,04/06/2021,sexta-feira,12:15:00,SP,ITAPECERICA DA SERRA,Manobra de mudança de faixa,Colisão lateral mesmo sentido,Sem Vítimas,Pleno dia,Crescente,Céu Claro,Dupla,Reta,2,0,2,0,2,SR-SP,4
361982,04/06/2021,sexta-feira,15:20:00,SP,SAO JOSE DO RIO PRETO,Manobra de mudança de faixa,Colisão lateral mesmo sentido,Com Vítimas Feridas,Pleno dia,Crescente,Céu Claro,Dupla,Não Informado,2,0,1,1,2,SR-SP,4
361995,04/06/2021,sexta-feira,16:30:00,SP,MIRACATU,Demais Fenômenos da natureza,Incêndio,Com Vítimas Feridas,Pleno dia,Decrescente,Sol,Dupla,Não Informado,1,0,0,1,1,SR-SP,4
362015,04/06/2021,sexta-feira,18:30:00,SP,GUARULHOS,Manobra de mudança de faixa,Colisão lateral mesmo sentido,Com Vítimas Feridas,Plena Noite,Decrescente,Céu Claro,Múltipla,Reta,2,0,1,1,2,SR-SP,4
362023,04/06/2021,sexta-feira,19:26:00,SP,SAO JOSE DO RIO PRETO,Ingestão de álcool pelo condutor,Colisão lateral mesmo sentido,Com Vítimas Feridas,Plena Noite,Decrescente,Céu Claro,Dupla,Não Informado,5,0,4,1,2,SR-SP,4
362046,04/06/2021,sexta-feira,20:50:00,SP,SAO JOSE DOS CAMPOS,Afundamento ou ondulação no pavimento,Tombamento,Com Vítimas Feridas,Plena Noite,Crescente,Nublado,Múltipla,Interseção de vias,1,0,0,1,1,SR-SP,4
362050,04/06/2021,sexta-feira,21:15:00,SP,EMBU DAS ARTES,Demais falhas mecânicas ou elétricas,Incêndio,Sem Vítimas,Plena Noite,Crescente,Nublado,Dupla,Reta,1,0,1,0,1,SR-SP,4
362098,05/06/2021,sábado,03:50:00,SP,ATIBAIA,Velocidade Incompatível,Colisão lateral mesmo sentido,Com Vítimas Feridas,Plena Noite,Decrescente,Céu Claro,Múltipla,Reta,3,0,2,1,3,SR-SP,5
362100,05/06/2021,sábado,04:15:00,SP,UBATUBA,Retorno proibido,Colisão transversal,Com Vítimas Feridas,Plena Noite,Crescente,Céu Claro,Simples,Reta,2,0,1,1,2,SR-SP,5
362103,05/06/2021,sábado,04:26:00,SP,SANTA ISABEL,Condutor Dormindo,Colisão traseira,Com Vítimas Feridas,Plena Noite,Crescente,Nublado,Múltipla,Reta,2,0,1,1,2,SR-SP,5
362109,05/06/2021,sábado,06:05:00,SP,SAO JOSE DO RIO PRETO,Condutor Dormindo,Saída de leito carroçável,Com Vítimas Feridas,Amanhecer,Crescente,Céu Claro,Dupla,Reta,1,0,0,1,1,SR-SP,5
362112,05/06/2021,sábado,06:00:00,SP,SAO PAULO,Velocidade Incompatível,Saída de leito carroçável,Com Vítimas Feridas,Amanhecer,Crescente,Céu Claro,Múltipla,Reta,2,0,1,1,1,SR-SP,5
362133,05/06/2021,sábado,08:20:00,SP,CACAPAVA,Avarias e/ou desgaste excessivo no pneu,Colisão lateral mesmo sentido,Com Vítimas Feridas,Pleno dia,Crescente,Céu Claro,Dupla,Reta,3,0,2,1,2,SR-SP,5
362174,05/06/2021,sábado,12:00:00,SP,LORENA,Velocidade Incompatível,Colisão lateral sentido oposto,Com Vítimas Feridas,Pleno dia,Crescente,Sol,Simples,Curva,3,0,1,2,2,SR-SP,5
362183,05/06/2021,sábado,13:40:00,SP,GUARULHOS,Mal súbito do condutor,Colisão com objeto,Com Vítimas Feridas,Pleno dia,Crescente,Sol,Múltipla,Reta,1,0,0,1,1,SR-SP,5
362215,05/06/2021,sábado,17:00:00,SP,CACAPAVA,Manobra de mudança de faixa,Colisão lateral mesmo sentido,Com Vítimas Feridas,Pleno dia,Crescente,Céu Claro,Dupla,Reta,2,0,0,1,1,SR-SP,5
362226,05/06/2021,sábado,17:55:00,SP,GUARULHOS,Manobra de mudança de faixa,Colisão traseira,Com Vítimas Feridas,Anoitecer,Decrescente,Céu Claro,Múltipla,Não Informado,2,0,1,1,2,SR-SP,5
362240,05/06/2021,sábado,18:15:00,SP,SAO JOSE DOS CAMPOS,Reação tardia ou ineficiente do condutor,Colisão traseira,Sem Vítimas,Plena Noite,Crescente,Céu Claro,Múltipla,Reta,7,0,7,0,3,SR-SP,5
362265,05/06/2021,sábado,18:28:00,SP,SAO PAULO,Condutor deixou de manter distância do veículo da frente,Colisão traseira,Com Vítimas Feridas,Plena Noite,Crescente,Ignorado,Dupla,Reta,2,0,1,1,2,SR-SP,5
362298,05/06/2021,sábado,22:35:00,SP,MARILIA,Velocidade Incompatível,Saída de leito carroçável,Com Vítimas Feridas,Plena Noite,Crescente,Céu Claro,Simples,Desvio Temporário,1,0,0,1,1,SR-SP,5
362302,05/06/2021,sábado,22:40:00,SP,GUARULHOS,Ingestão de álcool pelo condutor,Colisão com objeto,Sem Vítimas,Plena Noite,Decrescente,Céu Claro,Dupla,Curva,1,0,1,0,1,SR-SP,5
362306,05/06/2021,sábado,23:15:00,SP,SAO PAULO,Ingestão de álcool pelo condutor,Saída de leito carroçável,Com Vítimas Feridas,Plena Noite,Decrescente,Céu Claro,Dupla,Não Informado,2,0,1,1,1,SR-SP,5
362319,06/06/2021,domingo,01:15:00,SP,EMBU DAS ARTES,Pedestre andava na pista,Atropelamento de Pedestre,Com Vítimas Fatais,Plena Noite,Decrescente,Céu Claro,Dupla,Desvio Temporário,2,1,0,0,1,SR-SP,6
362322,06/06/2021,domingo,01:40:00,SP,MAIRIPORA,Reação tardia ou ineficiente do condutor,Colisão traseira,Com Vítimas Feridas,Plena Noite,Crescente,Céu Claro,Múltipla,Reta,2,0,0,2,2,SR-SP,6
362327,06/06/2021,domingo,02:00:00,SP,GUARULHOS,Reação tardia ou ineficiente do condutor,Colisão lateral mesmo sentido,Com Vítimas Feridas,Plena Noite,Crescente,Céu Claro,Múltipla,Reta,3,0,1,2,2,SR-SP,6
362350,06/06/2021,domingo,05:45:00,SP,EMBU DAS ARTES,Ausência de reação do condutor,Saída de leito carroçável,Com Vítimas Fatais,Amanhecer,Crescente,Céu Claro,Dupla,Curva,2,2,0,0,1,SR-SP,6
362382,06/06/2021,domingo,09:40:00,SP,ITAPECERICA DA SERRA,Curva acentuada,Queda de ocupante de veículo,Com Vítimas Feridas,Pleno dia,Decrescente,Céu Claro,Dupla,Curva,1,0,0,1,1,SR-SP,6
362424,06/06/2021,domingo,14:30:00,SP,MIRACATU,Velocidade Incompatível,Colisão com objeto,Com Vítimas Feridas,Pleno dia,Decrescente,Nublado,Dupla,Reta,2,0,0,2,1,SR-SP,6
362443,06/06/2021,domingo,17:10:00,SP,ATIBAIA,Reação tardia ou ineficiente do condutor,Engavetamento,Com Vítimas Feridas,Anoitecer,Crescente,Céu Claro,Dupla,Reta,3,0,2,1,3,SR-SP,6
362460,06/06/2021,domingo,18:10:00,SP,GUARAREMA,Manobra de mudança de faixa,Colisão lateral mesmo sentido,Com Vítimas Feridas,Plena Noite,Crescente,Nublado,Dupla,Não Informado,4,0,2,2,2,SR-SP,6
362462,06/06/2021,domingo,18:30:00,SP,GUARULHOS,Ingestão de álcool pelo condutor,Colisão traseira,Com Vítimas Feridas,Anoitecer,Crescente,Céu Claro,Dupla,Reta,4,0,2,2,2,SR-SP,6
362508,06/06/2021,domingo,21:45:00,SP,UBATUBA,Acessar a via sem observar a presença dos outros veículos,Colisão transversal,Com Vítimas Feridas,Plena Noite,Crescente,Céu Claro,Simples,Reta,2,0,1,1,2,SR-SP,6
362527,07/06/2021,segunda-feira,00:15:00,SP,GUARULHOS,Pedestre andava na pista,Atropelamento de Pedestre,Com Vítimas Feridas,Plena Noite,Decrescente,Céu Claro,Dupla,Reta,2,0,1,1,1,SR-SP,7
362535,06/06/2021,domingo,18:45:00,SP,JUQUIA,Reação tardia ou ineficiente do condutor,Engavetamento,Com Vítimas Feridas,Plena Noite,Decrescente,Nublado,Dupla,Reta,4,0,2,2,3,SR-SP,6
362575,07/06/2021,segunda-feira,07:40:00,SP,GUARULHOS,Trafegar com motocicleta (ou similar) entre as faixas,Colisão traseira,Com Vítimas Feridas,Pleno dia,Crescente,Nublado,Múltipla,Reta,2,0,1,1,2,SR-SP,7
362603,07/06/2021,segunda-feira,10:40:00,SP,APARECIDA,Velocidade Incompatível,Colisão transversal,Com Vítimas Feridas,Pleno dia,Crescente,Nublado,Dupla,Reta,3,0,2,1,2,SR-SP,7
362618,07/06/2021,segunda-feira,12:40:00,SP,TAUBATE,Mal súbito do condutor,Queda de ocupante de veículo,Com Vítimas Feridas,Pleno dia,Decrescente,Nublado,Dupla,Reta,1,0,0,1,1,SR-SP,7
362652,07/06/2021,segunda-feira,15:30:00,SP,BARRA DO TURVO,Reação tardia ou ineficiente do condutor,Colisão com objeto,Com Vítimas Feridas,Pleno dia,Crescente,Garoa/Chuvisco,Dupla,Curva,2,0,1,1,1,SR-SP,7
362675,07/06/2021,segunda-feira,15:30:00,SP,CAJATI,Velocidade Incompatível,Saída de leito carroçável,Sem Vítimas,Pleno dia,Decrescente,Chuva,Dupla,Curva,5,0,5,0,1,SR-SP,7
362681,07/06/2021,segunda-feira,17:20:00,SP,GUARULHOS,Condutor deixou de manter distância do veículo da frente,Tombamento,Com Vítimas Feridas,Anoitecer,Decrescente,Nublado,Múltipla,Reta,1,0,0,1,1,SR-SP,7
362690,07/06/2021,segunda-feira,16:35:00,SP,MIRACATU,Ausência de reação do condutor,Saída de leito carroçável,Com Vítimas Feridas,Pleno dia,Decrescente,Nublado,Dupla,Curva,3,0,2,1,1,SR-SP,7
362691,07/06/2021,segunda-feira,15:50:00,SP,BARRA DO TURVO,Chuva,Colisão com objeto,Com Vítimas Feridas,Pleno dia,Crescente,Garoa/Chuvisco,Simples,Curva,1,0,0,1,1,SR-SP,7
362695,07/06/2021,segunda-feira,12:30:00,SP,JUQUITIBA,Ausência de reação do condutor,Saída de leito carroçável,Com Vítimas Feridas,Pleno dia,Crescente,Garoa/Chuvisco,Dupla,Reta,1,0,0,1,1,SR-SP,7
362726,07/06/2021,segunda-feira,20:05:00,SP,CAJATI,Chuva,Colisão com objeto,Sem Vítimas,Plena Noite,Decrescente,Garoa/Chuvisco,Simples,Curva,1,0,1,0,1,SR-SP,7
362729,07/06/2021,segunda-feira,19:40:00,SP,GUARULHOS,Ingestão de álcool pelo condutor,Colisão frontal,Sem Vítimas,Anoitecer,Crescente,Céu Claro,Simples,Curva,2,0,2,0,2,SR-SP,7
362770,08/06/2021,terça-feira,05:15:00,SP,CAJATI,Pista Escorregadia,Saída de leito carroçável,Sem Vítimas,Plena Noite,Decrescente,Garoa/Chuvisco,Dupla,Curva,3,0,3,0,1,SR-SP,8
362792,08/06/2021,terça-feira,07:50:00,SP,TAUBATE,Ausência de reação do condutor,Colisão com objeto,Com Vítimas Feridas,Pleno dia,Crescente,Céu Claro,Dupla,Reta,1,0,0,1,1,SR-SP,8
362796,08/06/2021,terça-feira,07:00:00,SP,CAJATI,Acessar a via sem observar a presença dos outros veículos,Colisão traseira,Com Vítimas Feridas,Pleno dia,Decrescente,Chuva,Dupla,Curva,3,0,2,1,2,SR-SP,8
362804,08/06/2021,terça-feira,03:15:00,SP,MAIRIPORA,Transitar no acostamento,Atropelamento de Pedestre,Com Vítimas Fatais,Plena Noite,Crescente,Céu Claro,Dupla,Curva,2,1,0,0,1,SR-SP,8
362808,08/06/2021,terça-feira,09:00:00,SP,SAO LOURENCO DA SERRA,Velocidade Incompatível,Saída de leito carroçável,Com Vítimas Feridas,Pleno dia,Decrescente,Garoa/Chuvisco,Dupla,Curva,1,0,0,1,1,SR-SP,8
362809,08/06/2021,terça-feira,09:28:00,SP,JUQUITIBA,Pista Escorregadia,Capotamento,Com Vítimas Feridas,Pleno dia,Decrescente,Chuva,Dupla,Curva,2,0,1,1,1,SR-SP,8
362810,08/06/2021,terça-feira,09:30:00,SP,JUQUITIBA,Velocidade Incompatível,Colisão com objeto,Com Vítimas Feridas,Pleno dia,Decrescente,Chuva,Dupla,Curva,2,0,0,2,1,SR-SP,8
362819,05/04/2021,segunda-feira,15:00:00,SP,GUARULHOS,Manobra de mudança de faixa,Colisão lateral mesmo sentido,Com Vítimas Feridas,Pleno dia,Decrescente,Nublado,Múltipla,Reta,3,0,1,2,2,SR-SP,5
362833,08/06/2021,terça-feira,11:25:00,SP,APARECIDA,Acessar a via sem observar a presença dos outros veículos,Colisão transversal,Com Vítimas Feridas,Pleno dia,Crescente,Céu Claro,Dupla,Reta,3,0,2,1,2,SR-SP,8
362846,08/06/2021,terça-feira,13:33:00,SP,GUARULHOS,Condutor deixou de manter distância do veículo da frente,Colisão lateral mesmo sentido,Com Vítimas Feridas,Pleno dia,Crescente,Nublado,Múltipla,Reta,3,0,0,2,2,SR-SP,8
362860,08/06/2021,terça-feira,13:46:00,SP,BARRA DO TURVO,Chuva,Colisão com objeto,Com Vítimas Feridas,Pleno dia,Crescente,Chuva,Dupla,Reta,2,0,1,1,1,SR-SP,8
362864,08/06/2021,terça-feira,15:00:00,SP,TAUBATE,Condutor deixou de manter distância do veículo da frente,Engavetamento,Com Vítimas Feridas,Pleno dia,Crescente,Céu Claro,Dupla,Reta,4,0,3,1,4,SR-SP,8
362867,08/06/2021,terça-feira,16:15:00,SP,EMBU DAS ARTES,Ausência de reação do condutor,Tombamento,Com Vítimas Feridas,Pleno dia,Crescente,Garoa/Chuvisco,Dupla,Reta,1,0,0,1,1,SR-SP,8
362875,08/06/2021,terça-feira,16:40:00,SP,CAJATI,Condutor Dormindo,Saída de leito carroçável,Sem Vítimas,Pleno dia,Decrescente,Garoa/Chuvisco,Dupla,Reta,1,0,1,0,1,SR-SP,8
362883,15/05/2021,sábado,05:50:00,SP,GUARULHOS,Reação tardia ou ineficiente do condutor,Colisão traseira,Com Vítimas Feridas,Amanhecer,Crescente,Nublado,Múltipla,Desvio Temporário,2,0,1,1,2,SR-SP,
362886,08/06/2021,terça-feira,18:20:00,SP,UBATUBA,Condutor deixou de manter distância do veículo da frente,Colisão traseira,Com Vítimas Feridas,Plena Noite,Crescente,Céu Claro,Simples,Túnel,2,0,0,1,2,SR-SP,8
362921,08/06/2021,terça-feira,09:10:00,SP,BARRA DO TURVO,Pista Escorregadia,Colisão com objeto,Com Vítimas Feridas,Pleno dia,Crescente,Chuva,Simples,Curva,2,0,1,1,1,SR-SP,8
362927,08/06/2021,terça-feira,19:30:00,SP,SAO PAULO,Entrada inopinada do pedestre,Atropelamento de Pedestre,Com Vítimas Feridas,Plena Noite,Decrescente,Céu Claro,Múltipla,Reta,2,0,1,1,2,SR-SP,8
362941,08/06/2021,terça-feira,20:30:00,SP,JUQUITIBA,Acesso irregular,Colisão traseira,Sem Vítimas,Plena Noite,Crescente,Garoa/Chuvisco,Dupla,Reta,2,0,2,0,2,SR-SP,8
362960,09/06/2021,quarta-feira,01:15:00,SP,GUARULHOS,Ingestão de álcool pelo condutor,Colisão com objeto,Sem Vítimas,Plena Noite,Crescente,Nevoeiro/Neblina,Múltipla,Reta,1,0,0,0,1,SR-SP,9
362970,09/06/2021,quarta-feira,05:15:00,SP,SAO PAULO,Reação tardia ou ineficiente do condutor,Tombamento,Com Vítimas Fatais,Plena Noite,Crescente,Nublado,Múltipla,Curva,3,1,2,0,3,SR-SP,9
362980,09/06/2021,quarta-feira,07:05:00,SP,SAO PAULO,Manobra de mudança de faixa,Colisão lateral mesmo sentido,Com Vítimas Feridas,Pleno dia,Crescente,Nublado,Dupla,Reta,2,0,1,1,2,SR-SP,9
363050,09/06/2021,quarta-feira,12:53:00,SP,CAJATI,Acessar a via sem observar a presença dos outros veículos,Colisão transversal,Com Vítimas Feridas,Pleno dia,Crescente,Céu Claro,Simples,Curva,2,0,1,1,2,SR-SP,9
363060,09/06/2021,quarta-feira,15:05:00,SP,GUARULHOS,Manobra de mudança de faixa,Colisão traseira,Com Vítimas Feridas,Pleno dia,Crescente,Céu Claro,Múltipla,Reta,4,0,2,1,3,SR-SP,9
363076,09/06/2021,quarta-feira,16:24:00,SP,CACHOEIRA PAULISTA,Demais falhas mecânicas ou elétricas,Incêndio,Sem Vítimas,Pleno dia,Crescente,Sol,Dupla,Não Informado,1,0,1,0,1,SR-SP,9
363079,25/05/2021,terça-feira,07:10:00,SP,LAVRINHAS,Condutor Dormindo,Saída de leito carroçável,Com Vítimas Feridas,Pleno dia,Decrescente,Céu Claro,Dupla,Curva,1,0,0,1,1,SR-SP,
363126,09/06/2021,quarta-feira,20:40:00,SP,SAO PAULO,Velocidade Incompatível,Tombamento,Com Vítimas Fatais,Plena Noite,Decrescente,Céu Claro,Simples,Curva,2,1,1,0,2,SR-SP,9
363134,09/06/2021,quarta-feira,22:20:00,SP,JACAREI,Condutor Dormindo,Saída de leito carroçável,Com Vítimas Feridas,Plena Noite,Crescente,Céu Claro,Dupla,Reta,1,0,0,1,1,SR-SP,9
363146,09/06/2021,quarta-feira,22:40:00,SP,BARRA DO TURVO,Velocidade Incompatível,Colisão com objeto,Sem Vítimas,Plena Noite,Crescente,Nublado,Dupla,Curva,1,0,0,0,1,SR-SP,9
363174,10/06/2021,quinta-feira,06:30:00,SP,GUARULHOS,Condutor deixou de manter distância do veículo da frente,Colisão traseira,Com Vítimas Feridas,Pleno dia,Crescente,Nublado,Dupla,Reta,2,0,1,1,2,SR-SP,10
363182,21/05/2021,sexta-feira,17:50:00,SP,ATIBAIA,Condutor deixou de manter distância do veículo da frente,Colisão traseira,Com Vítimas Feridas,Anoitecer,Decrescente,Céu Claro,Dupla,Reta,2,0,1,1,2,SR-SP,
363183,10/06/2021,quinta-feira,07:30:00,SP,EMBU DAS ARTES,Manobra de mudança de faixa,Colisão lateral mesmo sentido,Sem Vítimas,Pleno dia,Crescente,Céu Claro,Dupla,Reta,2,0,2,0,2,SR-SP,10
363194,06/06/2021,domingo,18:45:00,SP,CAJATI,Conversão proibida,Colisão transversal,Com Vítimas Feridas,Plena Noite,Crescente,Céu Claro,Múltipla,Reta,2,0,1,1,2,SR-SP,6
363227,10/06/2021,quinta-feira,11:10:00,SP,GUARULHOS,Manobra de mudança de faixa,Colisão traseira,Com Vítimas Feridas,Pleno dia,Crescente,Nublado,Múltipla,Reta,3,0,2,1,3,SR-SP,10
363239,10/06/2021,quinta-feira,12:45:00,SP,APARECIDA,Demais falhas mecânicas ou elétricas,Tombamento,Com Vítimas Feridas,Pleno dia,Decrescente,Céu Claro,Dupla,Interseção de vias,1,0,0,1,1,SR-SP,10
363248,10/06/2021,quinta-feira,13:55:00,SP,GUARULHOS,Manobra de mudança de faixa,Colisão lateral mesmo sentido,Com Vítimas Feridas,Pleno dia,Crescente,Nublado,Dupla,Reta,2,0,1,1,2,SR-SP,10
363281,10/06/2021,quinta-feira,16:40:00,SP,MARILIA,Ingestão de álcool pelo condutor,Saída de leito carroçável,Sem Vítimas,Pleno dia,Decrescente,Chuva,Dupla,Rotatória,1,0,1,0,1,SR-SP,10
363291,10/06/2021,quinta-feira,17:20:00,SP,JUQUITIBA,Velocidade Incompatível,Saída de leito carroçável,Com Vítimas Feridas,Plena Noite,Decrescente,Chuva,Dupla,Curva,1,0,0,1,1,SR-SP,10
363300,10/06/2021,quinta-feira,18:39:00,SP,SAO JOSE DOS CAMPOS,Trafegar com motocicleta (ou similar) entre as faixas,Colisão lateral mesmo sentido,Com Vítimas Feridas,Plena Noite,Crescente,Chuva,Dupla,Reta,2,0,0,1,2,SR-SP,10
363305,10/06/2021,quinta-feira,18:05:00,SP,TABOAO DA SERRA,Manobra de mudança de faixa,Queda de ocupante de veículo,Com Vítimas Feridas,Plena Noite,Crescente,Garoa/Chuvisco,Dupla,Reta,1,0,0,1,1,SR-SP,10
363319,10/06/2021,quinta-feira,19:45:00,SP,SAO LOURENCO DA SERRA,Entrada inopinada do pedestre,Atropelamento de Pedestre,Com Vítimas Fatais,Plena Noite,Decrescente,Chuva,Dupla,Reta,2,1,0,1,1,SR-SP,10
363328,10/06/2021,quinta-feira,20:00:00,SP,ARUJA,Pedestre andava na pista,Atropelamento de Pedestre,Com Vítimas Feridas,Plena Noite,Crescente,Céu Claro,Dupla,Reta,2,0,0,1,1,SR-SP,10
363337,14/05/2021,sexta-feira,06:58:00,SP,GUARULHOS,Acessar a via sem observar a presença dos outros veículos,Colisão lateral mesmo sentido,Com Vítimas Feridas,Pleno dia,Crescente,Nublado,Múltipla,Reta,3,0,1,2,2,SR-SP,
363351,10/06/2021,quinta-feira,23:30:00,SP,TAUBATE,Ingestão de álcool pelo condutor,Colisão com objeto,Sem Vítimas,Plena Noite,Crescente,Chuva,Dupla,Reta,3,0,3,0,3,SR-SP,10
363377,10/06/2021,quinta-feira,22:20:00,SP,SAO JOSE DOS CAMPOS,Curva acentuada,Colisão com objeto,Sem Vítimas,Plena Noite,Decrescente,Chuva,Dupla,Retorno Regulamentado,1,0,0,0,1,SR-SP,10
363383,11/06/2021,sexta-feira,06:40:00,SP,GETULINA,Neblina,Colisão traseira,Com Vítimas Feridas,Amanhecer,Crescente,Nevoeiro/Neblina,Simples,Reta,2,0,0,2,2,SR-SP,11
363416,14/05/2021,sexta-feira,20:20:00,SP,GUARULHOS,Reação tardia ou ineficiente do condutor,Colisão traseira,Com Vítimas Feridas,Plena Noite,Decrescente,Nublado,Múltipla,Reta,3,0,1,1,2,SR-SP,