ID,DATA,DIA_SEMANA,HORARIO,ESTADO,MUNICIPIO,CAUSA_ACIDENTE,TIPO_ACIDENTE,CLASSIFICACAO_ACIDENTE,FASE_DIA,SENTIDO_VIA,CONDICAO_METEREOLOGICA,TIPO_PISTA,TRACADO_VIA,PESSOAS,MORTOS,ILESOS,FERIDOS,VEICULOS,REGIONAL,MES
363440,11/06/2021,sexta-feira,10:35:00,SP,GUAICARA,Ausência de reação do condutor,Saída de leito carroçável,Sem Vítimas,Pleno dia,Decrescente,Nublado,Simples,Rotatória,2,0,2,0,1,SR-SP,11
363446,11/06/2021,sexta-feira,12:30:00,SP,GUARULHOS,Ausência de reação do condutor,Colisão frontal,Com Vítimas Feridas,Pleno dia,Crescente,Nublado,Simples,Reta,2,0,1,1,2,SR-SP,11
363458,11/06/2021,sexta-feira,12:30:00,SP,MIRACATU,Pista Escorregadia,Colisão com objeto,Sem Vítimas,Pleno dia,Decrescente,Chuva,Dupla,Curva,2,0,2,0,1,SR-SP,11
363470,11/06/2021,sexta-feira,14:10:00,SP,CACAPAVA,Manobra de mudança de faixa,Colisão lateral mesmo sentido,Com Vítimas Feridas,Pleno dia,Decrescente,Nublado,Dupla,Reta,2,0,1,1,2,SR-SP,11
363476,11/06/2021,sexta-feira,14:50:00,SP,SAO PAULO,Condutor deixou de manter distância do veículo da frente,Colisão lateral mesmo sentido,Com Vítimas Feridas,Pleno dia,Decrescente,Nublado,Simples,Reta,2,0,1,1,2,SR-SP,11
363505,11/06/2021,sexta-feira,18:00:00,SP,TABOAO DA SERRA,Ausência de reação do condutor,Tombamento,Com Vítimas Feridas,Plena Noite,Crescente,Ignorado,Dupla,Reta,2,0,0,1,2,SR-SP,11
363511,11/06/2021,sexta-feira,18:10:00,SP,SAO JOSE DOS CAMPOS,Ausência de reação do condutor,Colisão traseira,Com Vítimas Feridas,Plena Noite,Crescente,Nublado,Dupla,Reta,2,0,1,1,2,SR-SP,11
363522,11/06/2021,sexta-feira,18:15:00,SP,SAO JOSE DOS CAMPOS,Condutor deixou de manter distância do veículo da frente,Colisão traseira,Com Vítimas Feridas,Plena Noite,Crescente,Nublado,Dupla,Não Informado,4,0,2,1,3,SR-SP,11
363528,11/06/2021,sexta-feira,15:18:00,SP,BARRA DO TURVO,Velocidade Incompatível,Tombamento,Com Vítimas Feridas,Pleno dia,Decrescente,Céu Claro,Simples,Curva,1,0,0,1,1,SR-SP,11
363537,11/06/2021,sexta-feira,19:15:00,SP,SAO JOSE DO RIO PRETO,Ingestão de álcool pelo condutor,Colisão traseira,Sem Vítimas,Plena Noite,Decrescente,Céu Claro,Dupla,Reta,2,0,2,0,2,SR-SP,11
363552,11/06/2021,sexta-feira,21:50:00,SP,SAO PAULO,Condutor deixou de manter distância do veículo da frente,Colisão traseira,Com Vítimas Feridas,Plena Noite,Decrescente,Céu Claro,Múltipla,Desvio Temporário,4,0,1,2,2,SR-SP,11
363627,12/06/2021,sábado,08:10:00,SP,LORENA,Manobra de mudança de faixa,Colisão lateral mesmo sentido,Com Vítimas Feridas,Pleno dia,Decrescente,Sol,Múltipla,Reta,3,0,1,2,2,SR-SP,12
363657,12/06/2021,sábado,12:20:00,SP,MAIRIPORA,Condutor deixou de manter distância do veículo da frente,Engavetamento,Com Vítimas Feridas,Pleno dia,Decrescente,Céu Claro,Múltipla,Reta,5,0,3,2,3,SR-SP,12
363676,12/06/2021,sábado,14:30:00,SP,ATIBAIA,Reação tardia ou ineficiente do condutor,Colisão traseira,Com Vítimas Feridas,Pleno dia,Decrescente,Céu Claro,Dupla,Reta,2,0,1,1,2,SR-SP,12
363677,12/06/2021,sábado,14:30:00,SP,ATIBAIA,Pista em desnível,Colisão lateral mesmo sentido,Com Vítimas Feridas,Pleno dia,Decrescente,Céu Claro,Dupla,Reta,3,0,1,2,2,SR-SP,12
363693,12/06/2021,sábado,16:04:00,SP,CAJATI,Pista esburacada,Tombamento,Com Vítimas Feridas,Pleno dia,Crescente,Céu Claro,Simples,Não Informado,1,0,0,1,1,SR-SP,12
363709,12/06/2021,sábado,16:30:00,SP,MIRACATU,Condutor deixou de manter distância do veículo da frente,Capotamento,Sem Vítimas,Pleno dia,Decrescente,Céu Claro,Simples,Reta,1,0,1,0,1,SR-SP,12
363714,12/06/2021,sábado,17:35:00,SP,GUARULHOS,Condutor deixou de manter distância do veículo da frente,Colisão traseira,Com Vítimas Feridas,Anoitecer,Crescente,Nublado,Dupla,Não Informado,5,0,4,1,2,SR-SP,12
363719,12/06/2021,sábado,17:50:00,SP,GUARULHOS,Objeto estático sobre o leito carroçável,Colisão traseira,Com Vítimas Feridas,Plena Noite,Crescente,Nublado,Múltipla,Reta,5,0,3,2,3,SR-SP,12
363745,12/06/2021,sábado,19:00:00,SP,APARECIDA,Reação tardia ou ineficiente do condutor,Colisão lateral mesmo sentido,Com Vítimas Feridas,Plena Noite,Crescente,Céu Claro,Dupla,Reta,6,0,4,1,4,SR-SP,12
363752,12/06/2021,sábado,19:55:00,SP,ARUJA,Manobra de mudança de faixa,Capotamento,Com Vítimas Feridas,Plena Noite,Decrescente,Nublado,Múltipla,Reta,3,0,0,2,2,SR-SP,12
363758,12/06/2021,sábado,20:15:00,SP,SAO JOSE DO RIO PRETO,Sinalização mal posicionada,Colisão traseira,Com Vítimas Feridas,Plena Noite,Decrescente,Céu Claro,Dupla,Não Informado,3,0,2,1,2,SR-SP,12
363774,12/06/2021,sábado,21:00:00,SP,MAIRIPORA,Ausência de reação do condutor,Queda de ocupante de veículo,Com Vítimas Feridas,Plena Noite,Decrescente,Céu Claro,Dupla,Curva,1,0,0,1,1,SR-SP,12
363780,12/06/2021,sábado,21:15:00,SP,SAO JOSE DO RIO PRETO,Condutor Dormindo,Saída de leito carroçável,Com Vítimas Feridas,Plena Noite,Crescente,Céu Claro,Dupla,Não Informado,2,0,0,2,1,SR-SP,12
363804,13/06/2021,domingo,00:15:00,SP,CACHOEIRA PAULISTA,Ausência de reação do condutor,Saída de leito carroçável,Sem Vítimas,Plena Noite,Decrescente,Nublado,Dupla,Desvio Temporário,1,0,0,0,1,SR-SP,
363807,13/06/2021,domingo,01:15:00,SP,MAIRIPORA,Ausência de reação do condutor,Saída de leito carroçável,Com Vítimas Fatais,Plena Noite,Crescente,Céu Claro,Dupla,Curva,3,1,1,1,1,SR-SP,
363870,13/06/2021,domingo,10:50:00,SP,BADY BASSITT,Reação tardia ou ineficiente do condutor,Colisão lateral mesmo sentido,Com Vítimas Feridas,Pleno dia,Decrescente,Céu Claro,Dupla,Reta,9,0,8,1,2,SR-SP,
363883,13/06/2021,domingo,12:12:00,SP,MAIRIPORA,Trafegar com motocicleta (ou similar) entre as faixas,Colisão lateral mesmo sentido,Com Vítimas Feridas,Pleno dia,Crescente,Céu Claro,Dupla,Reta,7,0,6,1,3,SR-SP,
363884,13/06/2021,domingo,11:43:00,SP,GUARULHOS,Avarias e/ou desgaste excessivo no pneu,Queda de ocupante de veículo,Com Vítimas Feridas,Pleno dia,Decrescente,Céu Claro,Múltipla,Reta,2,0,0,2,1,SR-SP,
363905,13/06/2021,domingo,13:50:00,SP,SAO JOSE DO RIO PRETO,Desrespeitar a preferência no cruzamento,Colisão transversal,Com Vítimas Feridas,Pleno dia,Decrescente,Céu Claro,Simples,Reta,4,0,2,2,3,SR-SP,
363929,13/06/2021,domingo,17:15:00,SP,BRAGANCA PAULISTA,Reação tardia ou ineficiente do condutor,Colisão traseira,Com Vítimas Feridas,Pleno dia,Crescente,Céu Claro,Dupla,Retorno Regulamentado,3,0,1,2,2,SR-SP,
363961,13/06/2021,domingo,18:40:00,SP,JUQUITIBA,Frear bruscamente,Colisão traseira,Com Vítimas Feridas,Plena Noite,Decrescente,Céu Claro,Dupla,Reta,2,0,1,1,2,SR-SP,
363992,13/06/2021,domingo,21:40:00,SP,GUAIMBE,Manobra de mudança de faixa,Colisão frontal,Com Vítimas Fatais,Plena Noite,Crescente,Céu Claro,Simples,Reta,2,1,0,1,2,SR-SP,
364000,13/06/2021,domingo,21:00:00,SP,SAO JOSE DOS CAMPOS,Ausência de reação do condutor,Colisão traseira,Sem Vítimas,Plena Noite,Crescente,Céu Claro,Dupla,Reta,2,0,2,0,2,SR-SP,
364083,13/06/2021,domingo,21:20:00,SP,SAO JOSE DOS CAMPOS,Obstrução na via,Colisão traseira,Sem Vítimas,Plena Noite,Crescente,Nublado,Dupla,Reta,3,0,3,0,2,SR-SP,
364085,29/05/2021,sábado,00:43:00,SP,GUARULHOS,Reação tardia ou ineficiente do condutor,Colisão com objeto,Com Vítimas Feridas,Plena Noite,Crescente,Céu Claro,Múltipla,Reta,1,0,0,1,1,SR-SP,
364100,14/06/2021,segunda-feira,06:50:00,SP,CAJATI,Curva acentuada,Tombamento,Sem Vítimas,Amanhecer,Crescente,Nublado,Simples,Curva,1,0,1,0,1,SR-SP,
364104,14/06/2021,segunda-feira,07:30:00,SP,GUARULHOS,Manobra de mudança de faixa,Colisão lateral mesmo sentido,Com Vítimas Feridas,Pleno dia,Crescente,Céu Claro,Dupla,Reta,3,0,2,1,3,SR-SP,
364106,14/06/2021,segunda-feira,08:40:00,SP,SAO PAULO,Acessar a via sem observar a presença dos outros veículos,Queda de ocupante de veículo,Com Vítimas Feridas,Pleno dia,Crescente,Céu Claro,Múltipla,Reta,2,0,0,1,2,SR-SP,
364158,14/06/2021,segunda-feira,12:45:00,SP,UBATUBA,Conversão proibida,Colisão transversal,Com Vítimas Feridas,Pleno dia,Crescente,Céu Claro,Simples,Reta,3,0,2,1,2,SR-SP,
364168,03/06/2021,quinta-feira,02:15:00,SP,JACAREI,Velocidade Incompatível,Colisão traseira,Com Vítimas Fatais,Plena Noite,Decrescente,Céu Claro,Dupla,Não Informado,2,1,1,0,2,SR-SP,3
364183,10/06/2021,quinta-feira,17:31:00,SP,ITAPECERICA DA SERRA,Pista Escorregadia,Colisão lateral mesmo sentido,Sem Vítimas,Anoitecer,Decrescente,Chuva,Simples,Reta,2,0,2,0,2,SR-SP,10
364219,14/06/2021,segunda-feira,18:45:00,SP,SAO PAULO,Trafegar com motocicleta (ou similar) entre as faixas,Queda de ocupante de veículo,Com Vítimas Feridas,Plena Noite,Decrescente,Céu Claro,Múltipla,Curva,2,0,1,1,2,SR-SP,
364236,14/06/2021,segunda-feira,20:00:00,SP,ONDA VERDE,Animais na Pista,Atropelamento de Animal,Com Vítimas Feridas,Plena Noite,Decrescente,Céu Claro,Simples,Curva,3,0,2,1,1,SR-SP,
364253,14/06/2021,segunda-feira,18:15:00,SP,JACAREI,Carga excessiva e/ou mal acondicionada,Derramamento de carga,Sem Vítimas,Plena Noite,Crescente,Céu Claro,Simples,Não Informado,1,0,1,0,1,SR-SP,
364257,14/06/2021,segunda-feira,22:30:00,SP,SAO PAULO,Velocidade Incompatível,Capotamento,Com Vítimas Feridas,Plena Noite,Decrescente,Nublado,Dupla,Curva,3,0,0,3,1,SR-SP,
364271,15/06/2021,terça-feira,00:45:00,SP,CAJATI,Reação tardia ou ineficiente do condutor,Saída de leito carroçável,Com Vítimas Feridas,Plena Noite,Decrescente,Céu Claro,Dupla,Reta,1,0,0,1,1,SR-SP,
364283,15/06/2021,terça-feira,06:40:00,SP,SAO JOSE DOS CAMPOS,Reação tardia ou ineficiente do condutor,Atropelamento de Pedestre,Com Vítimas Feridas,Amanhecer,Decrescente,Nevoeiro/Neblina,Dupla,Não Informado,2,0,1,1,1,SR-SP,
364333,15/06/2021,terça-feira,11:55:00,SP,ATIBAIA,Condutor deixou de manter distância do veículo da frente,Colisão traseira,Sem Vítimas,Pleno dia,Decrescente,Céu Claro,Dupla,Desvio Temporário,2,0,2,0,2,SR-SP,
364340,15/06/2021,terça-feira,12:30:00,SP,NOVA GRANADA,Acessar a via sem observar a presença dos outros veículos,Colisão transversal,Com Vítimas Feridas,Pleno dia,Crescente,Céu Claro,Simples,Rotatória,5,0,0,5,2,SR-SP,
364342,15/06/2021,terça-feira,13:45:00,SP,UBATUBA,Ausência de reação do condutor,Colisão traseira,Com Vítimas Feridas,Pleno dia,Crescente,Céu Claro,Simples,Curva,2,0,1,1,2,SR-SP,
364362,15/06/2021,terça-feira,15:10:00,SP,UBATUBA,Ingestão de álcool pelo condutor,Colisão transversal,Sem Vítimas,Pleno dia,Crescente,Céu Claro,Simples,Curva,2,0,2,0,2,SR-SP,
364395,15/06/2021,terça-feira,15:55:00,SP,ITAPECERICA DA SERRA,Problema com o freio,Colisão com objeto,Sem Vítimas,Pleno dia,Decrescente,Céu Claro,Simples,Retorno Regulamentado,2,0,2,0,1,SR-SP,
364411,15/06/2021,terça-feira,18:50:00,SP,GUARULHOS,Trafegar com motocicleta (ou similar) entre as faixas,Tombamento,Com Vítimas Feridas,Plena Noite,Decrescente,Céu Claro,Múltipla,Reta,1,0,0,1,1,SR-SP,
364415,15/06/2021,terça-feira,19:30:00,SP,JACUPIRANGA,Reação tardia ou ineficiente do condutor,Saída de leito carroçável,Sem Vítimas,Plena Noite,Decrescente,Céu Claro,Dupla,Curva,1,0,1,0,1,SR-SP,
364437,15/06/2021,terça-feira,22:00:00,SP,GUARULHOS,Reação tardia ou ineficiente do condutor,Colisão traseira,Sem Vítimas,Plena Noite,Decrescente,Nublado,Múltipla,Reta,4,0,4,0,2,SR-SP,
364500,16/06/2021,quarta-feira,12:30:00,SP,MAIRIPORA,Demais falhas mecânicas ou elétricas,Colisão traseira,Com Vítimas Feridas,Pleno dia,Crescente,Céu Claro,Dupla,Desvio Temporário,2,0,1,1,2,SR-SP,
364507,16/06/2021,quarta-feira,14:10:00,SP,JACUPIRANGA,Reação tardia ou ineficiente do condutor,Queda de ocupante de veículo,Com Vítimas Feridas,Pleno dia,Decrescente,Sol,Dupla,Reta,1,0,0,1,1,SR-SP,
364512,16/06/2021,quarta-feira,15:20:00,SP,CACAPAVA,Ausência de reação do condutor,Colisão traseira,Com Vítimas Feridas,Pleno dia,Decrescente,Nublado,Dupla,Reta,2,0,1,1,2,SR-SP,
364519,16/06/2021,quarta-feira,13:39:00,SP,CAJATI,Reação tardia ou ineficiente do condutor,Colisão com objeto,Com Vítimas Feridas,Pleno dia,Decrescente,Garoa/Chuvisco,Simples,Curva,1,0,0,1,1,SR-SP,
364526,16/06/2021,quarta-feira,15:25:00,SP,SAO JOSE DOS CAMPOS,Ingestão de álcool pelo condutor,Colisão lateral mesmo sentido,Sem Vítimas,Pleno dia,Decrescente,Céu Claro,Dupla,Reta,2,0,2,0,2,SR-SP,
364566,16/06/2021,quarta-feira,22:05:00,SP,SAO JOSE DO RIO PRETO,Objeto estático sobre o leito carroçável,Tombamento,Com Vítimas Feridas,Plena Noite,Crescente,Céu Claro,Dupla,Reta,3,0,2,1,2,SR-SP,
364611,17/06/2021,quinta-feira,07:40:00,SP,EMBU DAS ARTES,Trafegar com motocicleta (ou similar) entre as faixas,Colisão lateral mesmo sentido,Com Vítimas Feridas,Pleno dia,Decrescente,Garoa/Chuvisco,Dupla,Reta,3,0,2,1,2,SR-SP,
364613,17/06/2021,quinta-feira,07:00:00,SP,LORENA,Pista Escorregadia,Tombamento,Com Vítimas Feridas,Pleno dia,Decrescente,Céu Claro,Dupla,Curva,2,0,1,1,1,SR-SP,
364626,17/06/2021,quinta-feira,08:00:00,SP,CAJATI,Reação tardia ou ineficiente do condutor,Colisão com objeto,Sem Vítimas,Pleno dia,Crescente,Céu Claro,Dupla,Não Informado,1,0,1,0,1,SR-SP,
364663,17/06/2021,quinta-feira,13:25:00,SP,GUARULHOS,Ultrapassagem Indevida,Colisão lateral mesmo sentido,Com Vítimas Feridas,Pleno dia,Crescente,Céu Claro,Dupla,Reta,2,0,1,1,2,SR-SP,
364681,17/06/2021,quinta-feira,14:10:00,SP,SAO JOSE DOS CAMPOS,Ausência de reação do condutor,Tombamento,Com Vítimas Feridas,Pleno dia,Crescente,Sol,Múltipla,Desvio Temporário,2,0,0,1,1,SR-SP,
364691,17/06/2021,quinta-feira,15:45:00,SP,ICEM,Demais falhas mecânicas ou elétricas,Tombamento,Com Vítimas Feridas,Pleno dia,Crescente,Céu Claro,Simples,Reta,2,0,0,2,1,SR-SP,
364727,17/06/2021,quinta-feira,19:00:00,SP,VARGEM,Animais na Pista,Tombamento,Com Vítimas Feridas,Plena Noite,Decrescente,Céu Claro,Dupla,Reta,1,0,0,1,1,SR-SP,
364728,17/06/2021,quinta-feira,18:50:00,SP,SAO LOURENCO DA SERRA,Ingestão de álcool pelo condutor,Colisão com objeto,Sem Vítimas,Plena Noite,Crescente,Nublado,Dupla,Reta,1,0,0,0,1,SR-SP,
364730,17/06/2021,quinta-feira,19:00:00,SP,TABOAO DA SERRA,Ausência de reação do condutor,Queda de ocupante de veículo,Com Vítimas Feridas,Plena Noite,Crescente,Garoa/Chuvisco,Múltipla,Reta,1,0,0,1,1,SR-SP,
364736,17/06/2021,quinta-feira,19:40:00,SP,EMBU DAS ARTES,Reação tardia ou ineficiente do condutor,Queda de ocupante de veículo,Com Vítimas Feridas,Plena Noite,Crescente,Nublado,Dupla,Reta,1,0,0,1,1,SR-SP,
364743,17/06/2021,quinta-feira,21:25:00,SP,VARGEM,Ausência de reação do condutor,Colisão traseira,Com Vítimas Feridas,Plena Noite,Decrescente,Céu Claro,Dupla,Reta,2,0,1,1,2,SR-SP,
364755,08/06/2021,terça-feira,19:10:00,SP,MIRACATU,Ausência de reação do condutor,Colisão lateral mesmo sentido,Com Vítimas Feridas,Plena Noite,Crescente,Chuva,Dupla,Curva,5,0,1,4,2,SR-SP,8
364772,18/06/2021,sexta-feira,01:14:00,SP,ATIBAIA,Reação tardia ou ineficiente do condutor,Colisão com objeto,Com Vítimas Feridas,Plena Noite,Crescente,Céu Claro,Dupla,Reta,1,0,0,1,1,SR-SP,
364773,17/06/2021,quinta-feira,16:00:00,SP,MAIRIPORA,Velocidade Incompatível,Tombamento,Sem Vítimas,Pleno dia,Decrescente,Céu Claro,Múltipla,Curva,3,0,3,0,3,SR-SP,
364778,18/06/2021,sexta-feira,02:30:00,SP,APARECIDA,Ausência de reação do condutor,Colisão traseira,Com Vítimas Feridas,Plena Noite,Crescente,Céu Claro,Dupla,Curva,4,0,1,1,2,SR-SP,
364787,18/06/2021,sexta-feira,07:00:00,SP,GUARULHOS,Trafegar com motocicleta (ou similar) entre as faixas,Tombamento,Com Vítimas Feridas,Pleno dia,Crescente,Nublado,Dupla,Não Informado,3,0,1,1,3,SR-SP,
364814,18/06/2021,sexta-feira,07:30:00,SP,SAO PAULO,Reação tardia ou ineficiente do condutor,Colisão traseira,Com Vítimas Feridas,Pleno dia,Crescente,Céu Claro,Múltipla,Reta,2,0,1,1,2,SR-SP,
364837,18/06/2021,sexta-feira,11:00:00,SP,PINDAMONHANGABA,Reação tardia ou ineficiente do condutor,Engavetamento,Com Vítimas Feridas,Pleno dia,Crescente,Céu Claro,Dupla,Reta,4,0,3,1,4,SR-SP,
364844,18/06/2021,sexta-feira,12:00:00,SP,ARUJA,Condutor deixou de manter distância do veículo da frente,Colisão traseira,Sem Vítimas,Pleno dia,Crescente,Céu Claro,Simples,Reta,2,0,2,0,2,SR-SP,
364852,18/06/2021,sexta-feira,12:40:00,SP,PINDAMONHANGABA,Trafegar com motocicleta (ou similar) entre as faixas,Tombamento,Com Vítimas Feridas,Pleno dia,Decrescente,Sol,Dupla,Reta,2,0,0,1,1,SR-SP,
364893,18/06/2021,sexta-feira,15:40:00,SP,ITAPECERICA DA SERRA,Acumulo de óleo sobre o pavimento,Queda de ocupante de veículo,Com Vítimas Feridas,Pleno dia,Crescente,Nublado,Simples,Retorno Regulamentado,1,0,0,1,1,SR-SP,
364918,18/06/2021,sexta-feira,17:20:00,SP,JUQUITIBA,Ausência de reação do condutor,Colisão lateral mesmo sentido,Sem Vítimas,Anoitecer,Crescente,Céu Claro,Dupla,Reta,6,0,5,0,2,SR-SP,
364923,18/06/2021,sexta-feira,17:16:00,SP,TAUBATE,Acessar a via sem observar a presença dos outros veículos,Tombamento,Com Vítimas Feridas,Anoitecer,Decrescente,Céu Claro,Dupla,Curva,2,0,0,1,1,SR-SP,
364940,18/06/2021,sexta-feira,18:15:00,SP,SAO JOSE DOS CAMPOS,Condutor deixou de manter distância do veículo da frente,Colisão traseira,Com Vítimas Feridas,Anoitecer,Decrescente,Nublado,Múltipla,Reta,3,0,2,1,2,SR-SP,
364945,18/06/2021,sexta-feira,18:46:00,SP,SAO JOSE DOS CAMPOS,Reação tardia ou ineficiente do condutor,Colisão com objeto,Com Vítimas Feridas,Plena Noite,Crescente,Céu Claro,Dupla,Desvio Temporário,1,0,0,1,1,SR-SP,
364999,18/06/2021,sexta-feira,23:50:00,SP,EMBU DAS ARTES,Ingestão de álcool e/ou substâncias psicoativas pelo pedestre,Colisão lateral mesmo sentido,Com Vítimas Feridas,Plena Noite,Crescente,Nublado,Dupla,Reta,5,0,3,1,5,SR-SP,
365053,19/06/2021,sábado,07:00:00,SP,ITAPECERICA DA SERRA,Velocidade Incompatível,Saída de leito carroçável,Com Vítimas Feridas,Pleno dia,Decrescente,Nublado,Dupla,Curva,1,0,0,1,1,SR-SP,
365095,19/06/2021,sábado,13:15:00,SP,SAO PAULO,Ausência de reação do condutor,Tombamento,Com Vítimas Feridas,Pleno dia,Decrescente,Sol,Múltipla,Reta,1,0,0,1,1,SR-SP,
365098,19/06/2021,sábado,10:55:00,SP,CACHOEIRA PAULISTA,Velocidade Incompatível,Tombamento,Com Vítimas Feridas,Pleno dia,Crescente,Sol,Dupla,Curva,1,0,0,1,1,SR-SP,
365116,19/06/2021,sábado,14:45:00,SP,JUQUITIBA,Ausência de reação do condutor,Saída de leito carroçável,Sem Vítimas,Pleno dia,Decrescente,Garoa/Chuvisco,Dupla,Curva,1,0,1,0,1,SR-SP,
365123,19/06/2021,sábado,15:45:00,SP,BARRA DO TURVO,Chuva,Colisão com objeto,Com Vítimas Feridas,Pleno dia,Crescente,Chuva,Simples,Curva,2,0,1,1,1,SR-SP,
365132,19/06/2021,sábado,16:00:00,SP,TAUBATE,Reação tardia ou ineficiente do condutor,Colisão traseira,Com Vítimas Feridas,Pleno dia,Crescente,Céu Claro,Dupla,Reta,2,0,1,1,2,SR-SP,
365147,19/06/2021,sábado,17:05:00,SP,SAO JOSE DOS CAMPOS,Reação tardia ou ineficiente do condutor,Engavetamento,Com Vítimas Feridas,Anoitecer,Crescente,Céu Claro,Múltipla,Reta,8,0,6,2,6,SR-SP,
365192,19/06/2021,sábado,20:00:00,SP,SAO JOSE DOS CAMPOS,Manobra de mudança de faixa,Colisão lateral mesmo sentido,Com Vítimas Feridas,Plena Noite,Crescente,Nublado,Dupla,Reta,4,0,1,1,2,SR-SP,
365200,19/06/2021,sábado,21:40:00,SP,GUARULHOS,Manobra de mudança de faixa,Colisão traseira,Com Vítimas Feridas,Plena Noite,Decrescente,Nevoeiro/Neblina,Múltipla,Reta,3,0,2,1,2,SR-SP,
365215,19/06/2021,sábado,22:55:00,SP,CACAPAVA,Velocidade Incompatível,Saída de leito carroçável,Com Vítimas Feridas,Plena Noite,Crescente,Céu Claro,Dupla,Curva,4,0,2,2,1,SR-SP,
365222,19/06/2021,sábado,23:30:00,SP,GUARULHOS,Ausência de reação do condutor,Colisão com objeto,Sem Vítimas,Plena Noite,Decrescente,Nublado,Múltipla,Desvio Temporário,1,0,0,0,1,SR-SP,
365289,20/06/2021,domingo,00:30:00,SP,SAO PAULO,Velocidade Incompatível,Colisão com objeto,Sem Vítimas,Plena Noite,Decrescente,Nublado,Dupla,Reta,1,0,0,0,1,SR-SP,
365314,20/06/2021,domingo,05:35:00,SP,ATIBAIA,Condutor Dormindo,Saída de leito carroçável,Sem Vítimas,Plena Noite,Decrescente,Nublado,Dupla,Reta,1,0,0,0,1,SR-SP,
365321,20/06/2021,domingo,05:00:00,SP,PROMISSAO,Ingestão de álcool pelo condutor,Saída de leito carroçável,Sem Vítimas,Plena Noite,Crescente,Nublado,Simples,Interseção de vias,2,0,2,0,1,SR-SP,
365339,20/06/2021,domingo,13:00:00,SP,TAUBATE,Ausência de reação do condutor,Colisão traseira,Com Vítimas Feridas,Pleno dia,Crescente,Céu Claro,Dupla,Reta,2,0,1,1,2,SR-SP,
365352,20/06/2021,domingo,14:45:00,SP,TABOAO DA SERRA,Ultrapassagem Indevida,Colisão lateral mesmo sentido,Com Vítimas Feridas,Pleno dia,Decrescente,Céu Claro,Dupla,Reta,2,0,1,1,2,SR-SP,
365355,20/06/2021,domingo,15:35:00,SP,SAO JOSE DOS CAMPOS,Velocidade Incompatível,Queda de ocupante de veículo,Com Vítimas Feridas,Pleno dia,Decrescente,Céu Claro,Dupla,Não Informado,1,0,0,1,1,SR-SP,
365357,20/06/2021,domingo,16:00:00,SP,CAJATI,Pedestre cruzava a pista fora da faixa,Atropelamento de Pedestre,Com Vítimas Feridas,Pleno dia,Decrescente,Sol,Dupla,Reta,2,0,1,1,1,SR-SP,
365360,20/06/2021,domingo,15:40:00,SP,ICEM,Desrespeitar a preferência no cruzamento,Colisão transversal,Sem Vítimas,Pleno dia,Decrescente,Céu Claro,Simples,Reta,3,0,3,0,2,SR-SP,
365372,20/06/2021,domingo,17:00:00,SP,MAIRIPORA,Manobra de mudança de faixa,Colisão lateral mesmo sentido,Com Vítimas Feridas,Pleno dia,Crescente,Céu Claro,Múltipla,Reta,3,0,2,1,3,SR-SP,
365389,20/06/2021,domingo,18:40:00,SP,GUARULHOS,Frear bruscamente,Colisão traseira,Com Vítimas Feridas,Plena Noite,Crescente,Nublado,Múltipla,Reta,4,0,2,2,3,SR-SP,
365399,20/06/2021,domingo,18:30:00,SP,EMBU DAS ARTES,Trafegar com motocicleta (ou similar) entre as faixas,Colisão traseira,Com Vítimas Feridas,Plena Noite,Decrescente,Nublado,Dupla,Reta,4,0,2,2,2,SR-SP,
365421,20/06/2021,domingo,20:34:00,SP,TABOAO DA SERRA,Reação tardia ou ineficiente do condutor,Colisão com objeto,Sem Vítimas,Plena Noite,Crescente,Nublado,Dupla,Reta,3,0,3,0,1,SR-SP,
365424,20/06/2021,domingo,21:10:00,SP,JACUPIRANGA,Entrada inopinada do pedestre,Atropelamento de Pedestre,Com Vítimas Fatais,Plena Noite,Decrescente,Céu Claro,Dupla,Reta,2,1,1,0,2,SR-SP,
365440,20/06/2021,domingo,21:50:00,SP,GUARULHOS,Ausência de reação do condutor,Colisão traseira,Com Vítimas Feridas,Plena Noite,Decrescente,Céu Claro,Múltipla,Reta,3,0,1,1,2,SR-SP,
365452,20/06/2021,domingo,23:30:00,SP,GUARULHOS,Condutor deixou de manter distância do veículo da frente,Colisão traseira,Sem Vítimas,Plena Noite,Crescente,Nublado,Múltipla,Reta,2,0,2,0,2,SR-SP,
365490,21/06/2021,segunda-feira,07:10:00,SP,SAO JOSE DOS CAMPOS,Ultrapassagem Indevida,Colisão traseira,Com Vítimas Feridas,Pleno dia,Decrescente,Céu Claro,Múltipla,Reta,3,0,2,1,3,SR-SP,
365497,21/06/2021,segunda-feira,07:30:00,SP,SAO JOSE DOS CAMPOS,Ausência de reação do condutor,Tombamento,Com Vítimas Feridas,Pleno dia,Crescente,Nublado,Dupla,Reta,1,0,0,1,1,SR-SP,
365507,21/06/2021,segunda-feira,07:50:00,SP,GUARULHOS,Manobra de mudança de faixa,Colisão lateral mesmo sentido,Com Vítimas Feridas,Pleno dia,Crescente,Garoa/Chuvisco,Múltipla,Reta,2,0,1,1,2,SR-SP,